row_id,status,endpoint,value_nm,relation_nm,p_activity,p_relation,chemical_group,assay_group,reason,chemical_id,canonical_isomeric_smiles,murcko_scaffold,source_activity_id,source_document,source_year,raw_value,raw_unit,raw_relation,raw_origin,potential_duplicate
ACT-0001,eligible,IC50,52.2,=,7.282329497,=,CHEM-e31f067ccb4627d8,CHEMBL5736732|IC50,source-reconciled exact historical assay-export IC50; not cellular or matched 1mM ATP endpoint; source potential_duplicate flag retained; does not itself establish ingestion duplication or independence,CHEMBL3301610,CCN1CCN(Cc2ccc(Nc3ncc(F)c(-c4cc(F)c5nc(C)n(C(C)C)c5c4)n3)nc2)CC1,c1cc(-c2ccc3nc[nH]c3c2)nc(Nc2ccc(CN3CCNCC3)cn2)n1,28327037,CHEMBL5728430,2021,52.2,nM,=,public_measurement_reformatted,1
ACT-0002,eligible,IC50,35.0,=,7.455931956,=,CHEM-d6424bbb4fdfd4fc,CHEMBL5736732|IC50,source-reconciled exact historical assay-export IC50; not cellular or matched 1mM ATP endpoint; source potential_duplicate flag retained; does not itself establish ingestion duplication or independence,CHEMBL5905735,Cc1nc2c(F)cc(-c3nc(Nc4ccc5c(n4)CCN(C(C)C)C5)ncc3F)cc2n1C(C)C,c1cc(-c2ccc3nc[nH]c3c2)nc(Nc2ccc3c(n2)CCNC3)n1,28327046,CHEMBL5728430,2021,35,nM,=,public_measurement_reformatted,1
ACT-0003,eligible,IC50,29.6,=,7.528708289,=,CHEM-b0fba725182ebc2a,CHEMBL5736732|IC50,source-reconciled exact historical assay-export IC50; not cellular or matched 1mM ATP endpoint; source potential_duplicate flag retained; does not itself establish ingestion duplication or independence,CHEMBL5814867,CNCC(=O)N1CCc2nc(Nc3ncc(F)c(-c4cc(F)c5nc(C)n(C(C)C)c5c4)n3)ccc2C1,c1cc(-c2ccc3nc[nH]c3c2)nc(Nc2ccc3c(n2)CCNC3)n1,28327055,CHEMBL5728430,2021,29.6,nM,=,public_measurement_reformatted,1
ACT-0004,eligible,IC50,33.7,=,7.472370099,=,CHEM-c92710e3d6eeb360,CHEMBL5736732|IC50,source-reconciled exact historical assay-export IC50; not cellular or matched 1mM ATP endpoint; source potential_duplicate flag retained; does not itself establish ingestion duplication or independence,CHEMBL4212532,Cc1nc2c(F)cc(-c3nc(Nc4ccc5c(n4)CCN(C(=O)CN(C)C)C5)ncc3F)cc2n1C(C)C,c1cc(-c2ccc3nc[nH]c3c2)nc(Nc2ccc3c(n2)CCNC3)n1,28327064,CHEMBL5728430,2021,33.7,nM,=,public_measurement_reformatted,1
ACT-0005,eligible,IC50,28.7,=,7.542118103,=,CHEM-47d89c52ed10945d,CHEMBL5736732|IC50,source-reconciled exact historical assay-export IC50; not cellular or matched 1mM ATP endpoint,CHEMBL6060984,COCC(=O)N1CCc2nc(Nc3ncc(F)c(-c4cc(F)c5nc(C)n(C(C)C)c5c4)n3)ccc2C1,c1cc(-c2ccc3nc[nH]c3c2)nc(Nc2ccc3c(n2)CCNC3)n1,28327073,CHEMBL5728430,2021,28.7,nM,=,public_measurement_reformatted,0
ACT-0006,eligible,IC50,15.5,=,7.809668302,=,CHEM-17548d87f54e504b,CHEMBL5736732|IC50,source-reconciled exact historical assay-export IC50; not cellular or matched 1mM ATP endpoint; source potential_duplicate flag retained; does not itself establish ingestion duplication or independence,CHEMBL5813772,Cc1nc2c(F)cc(-c3nc(Nc4ccc5c(n4)CCN(C)C5)ncc3F)cc2n1C(C)C,c1cc(-c2ccc3nc[nH]c3c2)nc(Nc2ccc3c(n2)CCNC3)n1,28327082,CHEMBL5728430,2021,15.5,nM,=,public_measurement_reformatted,1
ACT-0007,eligible,IC50,13.4,=,7.872895202,=,CHEM-59d9ae3e54c4f6a7,CHEMBL5736732|IC50,source-reconciled exact historical assay-export IC50; not cellular or matched 1mM ATP endpoint; source potential_duplicate flag retained; does not itself establish ingestion duplication or independence,CHEMBL5844694,Cc1nc2c(F)cc(-c3nc(Nc4ccc5c(n4)CCN(C(=O)CCO)C5)ncc3F)cc2n1C(C)C,c1cc(-c2ccc3nc[nH]c3c2)nc(Nc2ccc3c(n2)CCNC3)n1,28327091,CHEMBL5728430,2021,0.0134,uM,=,public_measurement_reformatted,1
ACT-0008,eligible,IC50,10.4,=,7.982966661,=,CHEM-760d5694ed64ea1a,CHEMBL5736732|IC50,source-reconciled exact historical assay-export IC50; not cellular or matched 1mM ATP endpoint; source potential_duplicate flag retained; does not itself establish ingestion duplication or independence,CHEMBL6017199,COC(=O)C(=O)N1CCc2nc(Nc3ncc(F)c(-c4cc(F)c5nc(C)n(C(C)C)c5c4)n3)ccc2C1,c1cc(-c2ccc3nc[nH]c3c2)nc(Nc2ccc3c(n2)CCNC3)n1,28327100,CHEMBL5728430,2021,10.4,nM,=,public_measurement_reformatted,1
ACT-0009,eligible,IC50,60.4,=,7.218963061,=,CHEM-dce53658f66755b7,CHEMBL5736732|IC50,source-reconciled exact historical assay-export IC50; not cellular or matched 1mM ATP endpoint; source potential_duplicate flag retained; does not itself establish ingestion duplication or independence,CHEMBL5805137,Cc1nc2c(F)cc(-c3nc(Nc4ccc5c(n4)CCN(CC(F)(F)F)C5)ncc3F)cc2n1C(C)C,c1cc(-c2ccc3nc[nH]c3c2)nc(Nc2ccc3c(n2)CCNC3)n1,28327109,CHEMBL5728430,2021,60.4,nM,=,public_measurement_reformatted,1
ACT-0010,eligible,IC50,1090.0,=,5.962573502,=,CHEM-1ab74683a6383b32,CHEMBL5736732|IC50,source-reconciled exact historical assay-export IC50; not cellular or matched 1mM ATP endpoint,CHEMBL5952864,Cc1nc2c(F)cc(-c3nc(Nc4ncc5c(n4)CCN(C(=O)CN(C)C)C5)ncc3F)cc2n1C(C)C,c1cc(-c2ccc3nc[nH]c3c2)nc(Nc2ncc3c(n2)CCNC3)n1,28327127,CHEMBL5728430,2021,1090,nM,=,public_measurement_reformatted,0
ACT-0011,eligible,IC50,37.2,=,7.429457060,=,CHEM-22c855a70e723bb5,CHEMBL5736732|IC50,source-reconciled exact historical assay-export IC50; not cellular or matched 1mM ATP endpoint,CHEMBL5894084,Cc1nc2c(F)cc(-c3nc(Nc4ccc5c(n4)CCN(C(=O)CN)C5)ncc3F)cc2n1C(C)C,c1cc(-c2ccc3nc[nH]c3c2)nc(Nc2ccc3c(n2)CCNC3)n1,28327145,CHEMBL5728430,2021,37.2,nM,=,public_measurement_reformatted,0
ACT-0012,eligible,IC50,38.2,=,7.417936637,=,CHEM-64eab3a212832cda,CHEMBL5736732|IC50,source-reconciled exact historical assay-export IC50; not cellular or matched 1mM ATP endpoint,CHEMBL5935222,COC(=O)CN1CCc2nc(Nc3ncc(F)c(-c4cc(F)c5nc(C)n(C(C)C)c5c4)n3)ccc2C1,c1cc(-c2ccc3nc[nH]c3c2)nc(Nc2ccc3c(n2)CCNC3)n1,28327154,CHEMBL5728430,2021,38.2,nM,=,public_measurement_reformatted,0
ACT-0013,eligible,IC50,7.34,=,8.134303940,=,CHEM-458d80f9007129f4,CHEMBL5736732|IC50,source-reconciled exact historical assay-export IC50; not cellular or matched 1mM ATP endpoint,CHEMBL5994315,Cc1nc2c(F)cc(-c3nc(Nc4ccc5c(n4)CCN(CC(=O)O)C5)ncc3F)cc2n1C(C)C,c1cc(-c2ccc3nc[nH]c3c2)nc(Nc2ccc3c(n2)CCNC3)n1,28327163,CHEMBL5728430,2021,7.34e-09,M,=,public_measurement_reformatted,0
ACT-0014,eligible,IC50,128.0,=,6.892790030,=,CHEM-55b7f9a3042847ed,CHEMBL5736732|IC50,source-reconciled exact historical assay-export IC50; not cellular or matched 1mM ATP endpoint; source potential_duplicate flag retained; does not itself establish ingestion duplication or independence,CHEMBL5956369,Cc1nc2c(F)cc(-c3nc(Nc4ccc5c(n4)CCNC5)ncc3F)cc2n1C1CCCC1,c1cc(-c2ccc3ncn(C4CCCC4)c3c2)nc(Nc2ccc3c(n2)CCNC3)n1,28327172,CHEMBL5728430,2021,0.128,uM,=,public_measurement_reformatted,1
ACT-0015,eligible,IC50,14.8,=,7.829738285,=,CHEM-f51d2549d518b7cc,CHEMBL5736732|IC50,source-reconciled exact historical assay-export IC50; not cellular or matched 1mM ATP endpoint,CHEMBL4206061,Cc1nc2c(F)cc(-c3nc(Nc4ccc5c(n4)CCN(C(=O)CN4CCN(C)CC4)C5)ncc3F)cc2n1C(C)C,O=C(CN1CCNCC1)N1CCc2nc(Nc3nccc(-c4ccc5nc[nH]c5c4)n3)ccc2C1,28327190,CHEMBL5728430,2021,14.8,nM,=,public_measurement_reformatted,0
ACT-0016,eligible,IC50,31.1,=,7.507239611,=,CHEM-d00b9cdd8c9b6552,CHEMBL5736732|IC50,source-reconciled exact historical assay-export IC50; not cellular or matched 1mM ATP endpoint; source potential_duplicate flag retained; does not itself establish ingestion duplication or independence,CHEMBL5763679,Cc1nc2c(F)cc(-c3nc(Nc4ccc5c(n4)CCN(C(=O)CN4CCOCC4)C5)ncc3F)cc2n1C(C)C,O=C(CN1CCOCC1)N1CCc2nc(Nc3nccc(-c4ccc5nc[nH]c5c4)n3)ccc2C1,28327199,CHEMBL5728430,2021,31.1,nM,=,public_measurement_reformatted,1
ACT-0017,eligible,IC50,57.9,=,7.237321436,=,CHEM-b39d5eb4ea77de19,CHEMBL5736732|IC50,source-reconciled exact historical assay-export IC50; not cellular or matched 1mM ATP endpoint; source potential_duplicate flag retained; does not itself establish ingestion duplication or independence,CHEMBL5784667,Cc1nc2c(F)cc(-c3nc(Nc4ccc5c(n4)CCN(C(=O)C(C)N(C)C)C5)ncc3F)cc2n1C(C)C,c1cc(-c2ccc3nc[nH]c3c2)nc(Nc2ccc3c(n2)CCNC3)n1,28327208,CHEMBL5728430,2021,57.9,nM,=,public_measurement_reformatted,1
ACT-0018,eligible,IC50,37.2,=,7.429457060,=,CHEM-e843b7dc899933cb,CHEMBL5736732|IC50,source-reconciled exact historical assay-export IC50; not cellular or matched 1mM ATP endpoint; source potential_duplicate flag retained; does not itself establish ingestion duplication or independence,CHEMBL5833493,Cc1nc2c(F)cc(-c3nc(Nc4ccc5c(n4)CCN(C(=O)CC(C)(C)O)C5)ncc3F)cc2n1C(C)C,c1cc(-c2ccc3nc[nH]c3c2)nc(Nc2ccc3c(n2)CCNC3)n1,28327217,CHEMBL5728430,2021,37.2,nM,=,public_measurement_reformatted,1
ACT-0019,eligible,IC50,151.0,=,6.821023053,=,CHEM-a96cfa7820d6773b,CHEMBL5736732|IC50,source-reconciled exact historical assay-export IC50; not cellular or matched 1mM ATP endpoint; source potential_duplicate flag retained; does not itself establish ingestion duplication or independence,CHEMBL5775992,Cc1nc2c(F)cc(-c3nc(Nc4ccc5c(n4)CCN(C(=O)C(C)(C)N(C)C)C5)ncc3F)cc2n1C(C)C,c1cc(-c2ccc3nc[nH]c3c2)nc(Nc2ccc3c(n2)CCNC3)n1,28327226,CHEMBL5728430,2021,151,nM,=,public_measurement_reformatted,1
ACT-0020,eligible,IC50,143.0,=,6.844663963,=,CHEM-d456bfa6d73e3741,CHEMBL5736732|IC50,source-reconciled exact historical assay-export IC50; not cellular or matched 1mM ATP endpoint; source potential_duplicate flag retained; does not itself establish ingestion duplication or independence,CHEMBL6021833,Cc1nc2c(F)cc(-c3nc(Nc4ccc5c(n4)CCNC5)ncc3F)cc2n1C1CC1,c1cc(-c2ccc3ncn(C4CC4)c3c2)nc(Nc2ccc3c(n2)CCNC3)n1,28327235,CHEMBL5728430,2021,143,nM,=,public_measurement_reformatted,1
ACT-0021,eligible,IC50,304.0,=,6.517126416,=,CHEM-3c105ed6220c0073,CHEMBL5736732|IC50,source-reconciled exact historical assay-export IC50; not cellular or matched 1mM ATP endpoint; source potential_duplicate flag retained; does not itself establish ingestion duplication or independence,CHEMBL5932825,Cc1nc2c(F)cc(-c3nc(Nc4ccc5c(n4)CCN(C(=O)CN(C)C)C5)ncc3F)cc2n1C1CC1,c1cc(-c2ccc3ncn(C4CC4)c3c2)nc(Nc2ccc3c(n2)CCNC3)n1,28327244,CHEMBL5728430,2021,0.304,uM,=,public_measurement_reformatted,1
ACT-0022,eligible,IC50,154.0,=,6.812479279,=,CHEM-05d9af55d78ffc8e,CHEMBL5736732|IC50,source-reconciled exact historical assay-export IC50; not cellular or matched 1mM ATP endpoint,CHEMBL6012656,Cc1nc2c(F)cc(-c3nc(Nc4ccc5c(n4)CCN(C(=O)CN4CCOCC4)C5)ncc3F)cc2n1C1CC1,O=C(CN1CCOCC1)N1CCc2nc(Nc3nccc(-c4ccc5ncn(C6CC6)c5c4)n3)ccc2C1,28327253,CHEMBL5728430,2021,154,nM,=,public_measurement_reformatted,0
ACT-0023,eligible,IC50,20.4,=,7.690369833,=,CHEM-d710cd5be1fda1ef,CHEMBL5736732|IC50,source-reconciled exact historical assay-export IC50; not cellular or matched 1mM ATP endpoint,CHEMBL5899535,Cc1nc2c(F)cc(-c3nc(Nc4ccc5c(n4)CCN(C(=O)C4CC(O)C4)C5)ncc3F)cc2n1C(C)C,O=C(C1CCC1)N1CCc2nc(Nc3nccc(-c4ccc5nc[nH]c5c4)n3)ccc2C1,28327262,CHEMBL5728430,2021,20.4,nM,=,public_measurement_reformatted,0
ACT-0024,eligible,IC50,65.5,=,7.183758700,=,CHEM-90b5205c34268e91,CHEMBL5736732|IC50,source-reconciled exact historical assay-export IC50; not cellular or matched 1mM ATP endpoint; source potential_duplicate flag retained; does not itself establish ingestion duplication or independence,CHEMBL5941223,Cc1nc2c(F)cc(-c3nc(Nc4ccc5c(n4)CCNC5)ncc3F)cc2n1C1CCC(C)CC1,c1cc(-c2ccc3ncn(C4CCCCC4)c3c2)nc(Nc2ccc3c(n2)CCNC3)n1,28327280,CHEMBL5728430,2021,65.5,nM,=,public_measurement_reformatted,1
ACT-0025,eligible,IC50,89.7,=,7.047207557,=,CHEM-ffa7837c7d28c9d4,CHEMBL5736732|IC50,source-reconciled exact historical assay-export IC50; not cellular or matched 1mM ATP endpoint; source potential_duplicate flag retained; does not itself establish ingestion duplication or independence,CHEMBL5970937,CNCC(=O)N1CCc2nc(Nc3ncc(F)c(-c4cc(F)c5nc(C)n(C6CCC(C)CC6)c5c4)n3)ccc2C1,c1cc(-c2ccc3ncn(C4CCCCC4)c3c2)nc(Nc2ccc3c(n2)CCNC3)n1,28327289,CHEMBL5728430,2021,89.7,nM,=,public_measurement_reformatted,1
ACT-0026,eligible,IC50,87.60000000000001,=,7.057495894,=,CHEM-4147b7d1e9b6dd4a,CHEMBL5736732|IC50,source-reconciled exact historical assay-export IC50; not cellular or matched 1mM ATP endpoint; source potential_duplicate flag retained; does not itself establish ingestion duplication or independence,CHEMBL5943083,Cc1nc2c(F)cc(-c3nc(Nc4ccc5c(n4)CCN(C(=O)CN(C)C)C5)ncc3F)cc2n1C1CCC(C)CC1,c1cc(-c2ccc3ncn(C4CCCCC4)c3c2)nc(Nc2ccc3c(n2)CCNC3)n1,28327298,CHEMBL5728430,2021,8.76e-08,M,=,public_measurement_reformatted,1
ACT-0027,eligible,IC50,281.0,=,6.551293680,=,CHEM-a56999a5bbf668d2,CHEMBL5736732|IC50,source-reconciled exact historical assay-export IC50; not cellular or matched 1mM ATP endpoint; source potential_duplicate flag retained; does not itself establish ingestion duplication or independence,CHEMBL5832188,Cc1nc2c(F)cc(-c3nc(Nc4ccc5c(n4)CCN(C(=O)CN(C)C)C5)ncc3F)cc2n1C1CCCCC1,c1cc(-c2ccc3ncn(C4CCCCC4)c3c2)nc(Nc2ccc3c(n2)CCNC3)n1,28327307,CHEMBL5728430,2021,281,nM,=,public_measurement_reformatted,1
ACT-0028,eligible,IC50,413.0,=,6.384049948,=,CHEM-a8be0a1eed8018e6,CHEMBL5736732|IC50,source-reconciled exact historical assay-export IC50; not cellular or matched 1mM ATP endpoint,CHEMBL6044246,Cc1nc2c(F)cc(-c3nc(Nc4ccc5c(n4)CCN(CC(=O)N(C)C)C5)ncc3F)cc2n1C1CC1,c1cc(-c2ccc3ncn(C4CC4)c3c2)nc(Nc2ccc3c(n2)CCNC3)n1,28327316,CHEMBL5728430,2021,0.413,uM,=,public_measurement_reformatted,0
ACT-0029,eligible,IC50,32.3,=,7.490797478,=,CHEM-1cf94792d5604073,CHEMBL5736732|IC50,source-reconciled exact historical assay-export IC50; not cellular or matched 1mM ATP endpoint; source potential_duplicate flag retained; does not itself establish ingestion duplication or independence,CHEMBL5947385,C=CC(=O)N1CCc2nc(Nc3ncc(F)c(-c4cc(F)c5nc(C)n(C(C)C)c5c4)n3)ccc2C1,c1cc(-c2ccc3nc[nH]c3c2)nc(Nc2ccc3c(n2)CCNC3)n1,28327325,CHEMBL5728430,2021,32.3,nM,=,public_measurement_reformatted,1
ACT-0030,eligible,IC50,40.6,=,7.391473966,=,CHEM-867bcdf438f38f16,CHEMBL5736732|IC50,source-reconciled exact historical assay-export IC50; not cellular or matched 1mM ATP endpoint; source potential_duplicate flag retained; does not itself establish ingestion duplication or independence,CHEMBL5976927,Cc1nc2c(F)cc(-c3nc(Nc4ccc5c(n4)CCN(C(=O)C4CC(N)C4)C5)ncc3F)cc2n1C(C)C,O=C(C1CCC1)N1CCc2nc(Nc3nccc(-c4ccc5nc[nH]c5c4)n3)ccc2C1,28327343,CHEMBL5728430,2021,40.6,nM,=,public_measurement_reformatted,1
ACT-0031,context_only,IC50,3330.0,>,5.477555766,<,CHEM-0d777b2e653f545f,CHEMBL5736732|IC50,"censored concentration; log threshold retained with reversed inequality, not exact training label; source potential_duplicate flag retained; does not itself establish ingestion duplication or independence",CHEMBL5881472,Cc1nc2c(C(F)(F)F)cc(-c3nc(Nc4ccc5c(n4)CCNC5)ncc3F)cc2n1C(C)C,c1cc(-c2ccc3nc[nH]c3c2)nc(Nc2ccc3c(n2)CCNC3)n1,28327352,CHEMBL5728430,2021,3330,nM,>,public_measurement_reformatted,1
ACT-0032,eligible,IC50,84.3,=,7.074172425,=,CHEM-f2ddede2d417e675,CHEMBL5736732|IC50,source-reconciled exact historical assay-export IC50; not cellular or matched 1mM ATP endpoint; source potential_duplicate flag retained; does not itself establish ingestion duplication or independence,CHEMBL6019056,CNC1CC(C(=O)N2CCc3nc(Nc4ncc(F)c(-c5cc(F)c6nc(C)n(C(C)C)c6c5)n4)ccc3C2)C1,O=C(C1CCC1)N1CCc2nc(Nc3nccc(-c4ccc5nc[nH]c5c4)n3)ccc2C1,28327361,CHEMBL5728430,2021,84.3,nM,=,public_measurement_reformatted,1
ACT-0033,eligible,IC50,122.0,=,6.913640169,=,CHEM-0fda888fc7843856,CHEMBL5736732|IC50,source-reconciled exact historical assay-export IC50; not cellular or matched 1mM ATP endpoint; source potential_duplicate flag retained; does not itself establish ingestion duplication or independence,CHEMBL5870326,Cc1nc2c(F)cc(-c3nc(Nc4ccc5c(n4)CCN(C(=O)NCCN(C)C)C5)ncc3F)cc2n1C1CC1,c1cc(-c2ccc3ncn(C4CC4)c3c2)nc(Nc2ccc3c(n2)CCNC3)n1,28327370,CHEMBL5728430,2021,122,nM,=,public_measurement_reformatted,1
ACT-0034,eligible,IC50,54.1,=,7.266802735,=,CHEM-c42ace1f16c0a32e,CHEMBL5736732|IC50,source-reconciled exact historical assay-export IC50; not cellular or matched 1mM ATP endpoint; source potential_duplicate flag retained; does not itself establish ingestion duplication or independence,CHEMBL5976683,Cc1nc2c(F)cc(-c3nc(Nc4ccc5c(n4)CCN(C(=O)NCCN(C)C)C5)ncc3F)cc2n1C(C)C,c1cc(-c2ccc3nc[nH]c3c2)nc(Nc2ccc3c(n2)CCNC3)n1,28327379,CHEMBL5728430,2021,54.1,nM,=,public_measurement_reformatted,1
ACT-0035,eligible,IC50,710.0,=,6.148741651,=,CHEM-e9ce37bc38208f7d,CHEMBL5736732|IC50,source-reconciled exact historical assay-export IC50; not cellular or matched 1mM ATP endpoint; source potential_duplicate flag retained; does not itself establish ingestion duplication or independence,CHEMBL5999796,Cc1nc2c(F)cc(-c3nc(Nc4ccc5c(n4)CCN(C(C)C)C5)ncc3F)cc2n1C1CC1,c1cc(-c2ccc3ncn(C4CC4)c3c2)nc(Nc2ccc3c(n2)CCNC3)n1,28327388,CHEMBL5728430,2021,0.71,uM,=,public_measurement_reformatted,1
ACT-0036,eligible,IC50,346.0,=,6.460923901,=,CHEM-b9e68883d0727350,CHEMBL5736732|IC50,source-reconciled exact historical assay-export IC50; not cellular or matched 1mM ATP endpoint; source potential_duplicate flag retained; does not itself establish ingestion duplication or independence,CHEMBL5774515,Cc1nc2c(F)cc(-c3nc(Nc4ccc5c(n4)CCN(C(=O)OCCN(C)C)C5)ncc3F)cc2n1C1CC1,c1cc(-c2ccc3ncn(C4CC4)c3c2)nc(Nc2ccc3c(n2)CCNC3)n1,28327397,CHEMBL5728430,2021,346,nM,=,public_measurement_reformatted,1
ACT-0037,eligible,IC50,559.0,=,6.252588192,=,CHEM-2c2b1fa8ad828b3b,CHEMBL5736732|IC50,source-reconciled exact historical assay-export IC50; not cellular or matched 1mM ATP endpoint; source potential_duplicate flag retained; does not itself establish ingestion duplication or independence,CHEMBL5832698,Cc1nc2c(F)cc(-c3nc(Nc4ccc5c(n4)CCN(C(=O)[C@@H](C)N(C)C)C5)ncc3F)cc2n1C1CC1,c1cc(-c2ccc3ncn(C4CC4)c3c2)nc(Nc2ccc3c(n2)CCNC3)n1,28327406,CHEMBL5728430,2021,559,nM,=,public_measurement_reformatted,1
ACT-0038,eligible,IC50,91.0,=,7.040958608,=,CHEM-81ae07e81d2d15fe,CHEMBL5736732|IC50,source-reconciled exact historical assay-export IC50; not cellular or matched 1mM ATP endpoint; source potential_duplicate flag retained; does not itself establish ingestion duplication or independence,CHEMBL5884004,Cc1nc2c(F)cc(-c3nc(Nc4ccc5c(n4)CCN(C(=O)[C@H](C)N(C)C)C5)ncc3F)cc2n1C1CC1,c1cc(-c2ccc3ncn(C4CC4)c3c2)nc(Nc2ccc3c(n2)CCNC3)n1,28327415,CHEMBL5728430,2021,91,nM,=,public_measurement_reformatted,1
ACT-0039,eligible,IC50,28.2,=,7.549750892,=,CHEM-6059783a0a67ac07,CHEMBL5736732|IC50,source-reconciled exact historical assay-export IC50; not cellular or matched 1mM ATP endpoint; source potential_duplicate flag retained; does not itself establish ingestion duplication or independence,CHEMBL5894670,Cc1nc2c(F)cc(-c3nc(Nc4ccc5c(n4)CCN(C(=O)NCCO)C5)ncc3F)cc2n1C(C)C,c1cc(-c2ccc3nc[nH]c3c2)nc(Nc2ccc3c(n2)CCNC3)n1,28327424,CHEMBL5728430,2021,2.82e-08,M,=,public_measurement_reformatted,1
ACT-0040,eligible,IC50,334.0,=,6.476253533,=,CHEM-5a2820b23dfd180d,CHEMBL5736732|IC50,source-reconciled exact historical assay-export IC50; not cellular or matched 1mM ATP endpoint; source potential_duplicate flag retained; does not itself establish ingestion duplication or independence,CHEMBL5950277,Cc1nc2c(F)cc(-c3nc(Nc4ccc5c(n4)CCN(C(=O)NCCO)C5)ncc3F)cc2n1C1CC1,c1cc(-c2ccc3ncn(C4CC4)c3c2)nc(Nc2ccc3c(n2)CCNC3)n1,28327433,CHEMBL5728430,2021,334,nM,=,public_measurement_reformatted,1
ACT-0041,eligible,IC50,129.0,=,6.889410290,=,CHEM-a27e4896ea12296f,CHEMBL5736732|IC50,source-reconciled exact historical assay-export IC50; not cellular or matched 1mM ATP endpoint; source potential_duplicate flag retained; does not itself establish ingestion duplication or independence,CHEMBL5879318,CNCC(=O)N1CCc2nc(Nc3ncc(F)c(-c4cc(F)c5nc(C)n(C6CCC6)c5c4)n3)ccc2C1,c1cc(-c2ccc3ncn(C4CCC4)c3c2)nc(Nc2ccc3c(n2)CCNC3)n1,28327442,CHEMBL5728430,2021,129,nM,=,public_measurement_reformatted,1
ACT-0042,eligible,IC50,700.0,=,6.154901960,=,CHEM-e25cbad1cc1881db,CHEMBL5736732|IC50,source-reconciled exact historical assay-export IC50; not cellular or matched 1mM ATP endpoint; source potential_duplicate flag retained; does not itself establish ingestion duplication or independence,CHEMBL4455210,Cc1nc2c(F)cc(-c3nc(Nc4ccc5c(n4)CCN(CCN(C)C)C5)ncc3F)cc2n1C1CC1,c1cc(-c2ccc3ncn(C4CC4)c3c2)nc(Nc2ccc3c(n2)CCNC3)n1,28327451,CHEMBL5728430,2021,0.7,uM,=,public_measurement_reformatted,1
ACT-0043,eligible,IC50,294.0,=,6.531652670,=,CHEM-138873071d197575,CHEMBL5736732|IC50,source-reconciled exact historical assay-export IC50; not cellular or matched 1mM ATP endpoint,CHEMBL5883845,Cc1nc2c(F)cc(-c3nc(Nc4ccc5c(n4)CCN(C(=O)CN(C)C)C5)ncc3F)cc2n1C1CCC1,c1cc(-c2ccc3ncn(C4CCC4)c3c2)nc(Nc2ccc3c(n2)CCNC3)n1,28327469,CHEMBL5728430,2021,294,nM,=,public_measurement_reformatted,0
ACT-0044,eligible,IC50,79.4,=,7.100179498,=,CHEM-4b33bf5787d98ea0,CHEMBL5736732|IC50,source-reconciled exact historical assay-export IC50; not cellular or matched 1mM ATP endpoint; source potential_duplicate flag retained; does not itself establish ingestion duplication or independence,CHEMBL5888788,Cc1nc2c(F)cc(-c3nc(Nc4ccc5c(n4)CCN(C(=O)CN(C)C)C5)ncc3F)cc2n1CC1CC1,c1cc(-c2ccc3ncn(CC4CC4)c3c2)nc(Nc2ccc3c(n2)CCNC3)n1,28327478,CHEMBL5728430,2021,79.4,nM,=,public_measurement_reformatted,1
ACT-0045,eligible,IC50,364.0,=,6.438898616,=,CHEM-d62a2bd77657c731,CHEMBL5736732|IC50,source-reconciled exact historical assay-export IC50; not cellular or matched 1mM ATP endpoint; source potential_duplicate flag retained; does not itself establish ingestion duplication or independence,CHEMBL5950426,Cc1nc2c(F)cc(-c3nc(Nc4ccc5c(n4)CCN(C(=O)N(C)CCN(C)C)C5)ncc3F)cc2n1C1CC1,c1cc(-c2ccc3ncn(C4CC4)c3c2)nc(Nc2ccc3c(n2)CCNC3)n1,28327487,CHEMBL5728430,2021,364,nM,=,public_measurement_reformatted,1
ACT-0046,eligible,IC50,28.3,=,7.548213564,=,CHEM-fbe8d9652d52d92a,CHEMBL5736732|IC50,source-reconciled exact historical assay-export IC50; not cellular or matched 1mM ATP endpoint; source potential_duplicate flag retained; does not itself establish ingestion duplication or independence,CHEMBL5856237,Cc1nc2c(F)cc(-c3nc(Nc4ccc5c(n4)CCN(C(=O)[C@@H](C)N(C)C)C5)ncc3F)cc2n1C(C)C,c1cc(-c2ccc3nc[nH]c3c2)nc(Nc2ccc3c(n2)CCNC3)n1,28327496,CHEMBL5728430,2021,28.3,nM,=,public_measurement_reformatted,1
ACT-0047,eligible,IC50,47.7,=,7.321481621,=,CHEM-eb0fd52652b3924f,CHEMBL5736732|IC50,source-reconciled exact historical assay-export IC50; not cellular or matched 1mM ATP endpoint; source potential_duplicate flag retained; does not itself establish ingestion duplication or independence,CHEMBL4448494,Cc1nc2c(F)cc(-c3nc(Nc4ccc5c(n4)CCN(CCN(C)C)C5)ncc3F)cc2n1C(C)C,c1cc(-c2ccc3nc[nH]c3c2)nc(Nc2ccc3c(n2)CCNC3)n1,28327505,CHEMBL5728430,2021,47.7,nM,=,public_measurement_reformatted,1
ACT-0048,context_only,IC50,1020.0,>,5.991399828,<,CHEM-83341101180dffc5,CHEMBL5736732|IC50,"censored concentration; log threshold retained with reversed inequality, not exact training label",CHEMBL6047483,Cc1nc2c(O)cc(-c3nc(Nc4ccc5c(n4)CCN(C(=O)CN(C)C)C5)ncc3F)cc2n1C1CC1,c1cc(-c2ccc3ncn(C4CC4)c3c2)nc(Nc2ccc3c(n2)CCNC3)n1,28327514,CHEMBL5728430,2021,1020,nM,>,public_measurement_reformatted,0
ACT-0049,context_only,IC50,3470.0,>,5.459670525,<,CHEM-ce18f92d647109d9,CHEMBL5736732|IC50,"censored concentration; log threshold retained with reversed inequality, not exact training label; source potential_duplicate flag retained; does not itself establish ingestion duplication or independence",CHEMBL6014795,Cc1nc2c(F)cc(-c3nc(Nc4ccc5c(n4)CCN(C(=O)C4CCCN4)C5)ncc3F)cc2n1C1CC1,O=C(C1CCCN1)N1CCc2nc(Nc3nccc(-c4ccc5ncn(C6CC6)c5c4)n3)ccc2C1,28327523,CHEMBL5728430,2021,3.47,uM,>,public_measurement_reformatted,1
ACT-0050,eligible,IC50,661.0,=,6.179798541,=,CHEM-6e9b5647f8c2c6a2,CHEMBL5736732|IC50,source-reconciled exact historical assay-export IC50; not cellular or matched 1mM ATP endpoint; source potential_duplicate flag retained; does not itself establish ingestion duplication or independence,CHEMBL5787921,CN[C@H](C)C(=O)N1CCc2nc(Nc3ncc(F)c(-c4cc(F)c5nc(C)n(C6CC6)c5c4)n3)ccc2C1,c1cc(-c2ccc3ncn(C4CC4)c3c2)nc(Nc2ccc3c(n2)CCNC3)n1,28327532,CHEMBL5728430,2021,661,nM,=,public_measurement_reformatted,1
ACT-0051,eligible,IC50,212.0,=,6.673664139,=,CHEM-7bf704c8c2dcf678,CHEMBL5736732|IC50,source-reconciled exact historical assay-export IC50; not cellular or matched 1mM ATP endpoint,CHEMBL6038282,Cc1nc2c(F)cc(-c3nc(Nc4ccc5c(n4)CCN(C(=O)[C@@H]4CCCN4)C5)ncc3F)cc2n1C1CC1,O=C([C@@H]1CCCN1)N1CCc2nc(Nc3nccc(-c4ccc5ncn(C6CC6)c5c4)n3)ccc2C1,28327541,CHEMBL5728430,2021,212,nM,=,public_measurement_reformatted,0
ACT-0052,eligible,IC50,54.9,=,7.260427656,=,CHEM-8d155f981d2045bb,CHEMBL5736732|IC50,source-reconciled exact historical assay-export IC50; not cellular or matched 1mM ATP endpoint; source potential_duplicate flag retained; does not itself establish ingestion duplication or independence,CHEMBL4466497,Cc1nc2c(F)cc(-c3nc(Nc4ccc5c(n4)CCN(CCN(C)C)C5)ncc3F)cc2n1C(C)(C)C,c1cc(-c2ccc3nc[nH]c3c2)nc(Nc2ccc3c(n2)CCNC3)n1,28327559,CHEMBL5728430,2021,5.49e-08,M,=,public_measurement_reformatted,1
ACT-0053,eligible,IC50,1490.0,=,5.826813732,=,CHEM-264728d7229f594d,CHEMBL5736732|IC50,source-reconciled exact historical assay-export IC50; not cellular or matched 1mM ATP endpoint; source potential_duplicate flag retained; does not itself establish ingestion duplication or independence,CHEMBL5757213,Cc1nc2c(F)cc(-c3nc(Nc4ccc5c(n4)CCN(CCCN(C)C)C5)ncc3F)cc2n1C1CC1,c1cc(-c2ccc3ncn(C4CC4)c3c2)nc(Nc2ccc3c(n2)CCNC3)n1,28327568,CHEMBL5728430,2021,1490,nM,=,public_measurement_reformatted,1
ACT-0054,eligible,IC50,167.0,=,6.777283529,=,CHEM-27a09ca08693a327,CHEMBL5736732|IC50,source-reconciled exact historical assay-export IC50; not cellular or matched 1mM ATP endpoint; source potential_duplicate flag retained; does not itself establish ingestion duplication or independence,CHEMBL4463716,C#CCN(C)CCN1CCc2nc(Nc3ncc(F)c(-c4cc(F)c5nc(C)n(C(C)C)c5c4)n3)ccc2C1,c1cc(-c2ccc3nc[nH]c3c2)nc(Nc2ccc3c(n2)CCNC3)n1,28327577,CHEMBL5728430,2021,167,nM,=,public_measurement_reformatted,1
ACT-0055,eligible,IC50,110.0,=,6.958607315,=,CHEM-ae3c55624dbbc52e,CHEMBL5736732|IC50,source-reconciled exact historical assay-export IC50; not cellular or matched 1mM ATP endpoint,CHEMBL5774473,C#CCN1CCC(N2CCc3nc(Nc4ncc(F)c(-c5cc(F)c6nc(C)n(C(C)C)c6c5)n4)ccc3C2)C1,c1cc(-c2ccc3nc[nH]c3c2)nc(Nc2ccc3c(n2)CCN(C2CCNC2)C3)n1,28327586,CHEMBL5728430,2021,110,nM,=,public_measurement_reformatted,0
ACT-0056,eligible,IC50,371.0,=,6.430626090,=,CHEM-6bb9aa4811bbcb02,CHEMBL5736732|IC50,source-reconciled exact historical assay-export IC50; not cellular or matched 1mM ATP endpoint; source potential_duplicate flag retained; does not itself establish ingestion duplication or independence,CHEMBL5754925,Cc1nc2c(F)cc(-c3nc(Nc4ccc5c(n4)CCN(C[C@@H](O)CN(C)C)C5)ncc3F)cc2n1C1CC1,c1cc(-c2ccc3ncn(C4CC4)c3c2)nc(Nc2ccc3c(n2)CCNC3)n1,28327595,CHEMBL5728430,2021,0.371,uM,=,public_measurement_reformatted,1
ACT-0057,eligible,IC50,317.0,=,6.498940738,=,CHEM-4beade89cf303ec2,CHEMBL5736732|IC50,source-reconciled exact historical assay-export IC50; not cellular or matched 1mM ATP endpoint; source potential_duplicate flag retained; does not itself establish ingestion duplication or independence,CHEMBL5872006,Cc1nc2c(F)cc(-c3nc(Nc4ccc5c(n4)CCN(C[C@H]4CCCN4C)C5)ncc3F)cc2n1C1CC1,c1cc(-c2ccc3ncn(C4CC4)c3c2)nc(Nc2ccc3c(n2)CCN(C[C@H]2CCCN2)C3)n1,28327604,CHEMBL5728430,2021,317,nM,=,public_measurement_reformatted,1
ACT-0058,eligible,IC50,74.9,=,7.125518182,=,CHEM-980599e77847b143,CHEMBL5736732|IC50,source-reconciled exact historical assay-export IC50; not cellular or matched 1mM ATP endpoint; source potential_duplicate flag retained; does not itself establish ingestion duplication or independence,CHEMBL5972036,C#CCN1CCCC1CN1CCc2nc(Nc3ncc(F)c(-c4cc(F)c5nc(C)n(C(C)C)c5c4)n3)ccc2C1,c1cc(-c2ccc3nc[nH]c3c2)nc(Nc2ccc3c(n2)CCN(CC2CCCN2)C3)n1,28327613,CHEMBL5728430,2021,74.9,nM,=,public_measurement_reformatted,1
ACT-0059,eligible,IC50,567.0,=,6.246416941,=,CHEM-bbc0a80a26c1dad4,CHEMBL5736732|IC50,source-reconciled exact historical assay-export IC50; not cellular or matched 1mM ATP endpoint; source potential_duplicate flag retained; does not itself establish ingestion duplication or independence,CHEMBL5762588,Cc1nc2c(F)cc(-c3nc(Nc4ccc5c(n4)CCN(CC(C)(C)N)C5)ncc3F)cc2n1C1CC1,c1cc(-c2ccc3ncn(C4CC4)c3c2)nc(Nc2ccc3c(n2)CCNC3)n1,28327640,CHEMBL5728430,2021,567,nM,=,public_measurement_reformatted,1
ACT-0060,eligible,IC50,35.5,=,7.449771647,=,CHEM-42ccfc2759857d0a,CHEMBL5736732|IC50,source-reconciled exact historical assay-export IC50; not cellular or matched 1mM ATP endpoint; source potential_duplicate flag retained; does not itself establish ingestion duplication or independence,CHEMBL5976517,Cc1nc2c(F)cc(-c3nc(Nc4ccc5c(n4)CCN(CC#CCN(C)C)C5)ncc3F)cc2n1C(C)C,c1cc(-c2ccc3nc[nH]c3c2)nc(Nc2ccc3c(n2)CCNC3)n1,28327649,CHEMBL5728430,2021,35.5,nM,=,public_measurement_reformatted,1
ACT-0061,eligible,IC50,647.0,=,6.189095719,=,CHEM-5add0f87a0f6fd3d,CHEMBL5736732|IC50,source-reconciled exact historical assay-export IC50; not cellular or matched 1mM ATP endpoint; source potential_duplicate flag retained; does not itself establish ingestion duplication or independence,CHEMBL6007400,Cc1nc2c(F)cc(-c3nc(Nc4ccc5c(n4)CCN(C[C@@H](C)N(C)C)C5)ncc3F)cc2n1C1CC1,c1cc(-c2ccc3ncn(C4CC4)c3c2)nc(Nc2ccc3c(n2)CCNC3)n1,28327658,CHEMBL5728430,2021,647,nM,=,public_measurement_reformatted,1
ACT-0062,eligible,IC50,16.5,=,7.782516056,=,CHEM-7a18369f8edc1ef9,CHEMBL5736732|IC50,source-reconciled exact historical assay-export IC50; not cellular or matched 1mM ATP endpoint; source potential_duplicate flag retained; does not itself establish ingestion duplication or independence,CHEMBL5964401,CCC(CC)n1c(C)nc2c(F)cc(-c3nc(Nc4ccc5c(n4)CCNC5)ncc3F)cc21,c1cc(-c2ccc3nc[nH]c3c2)nc(Nc2ccc3c(n2)CCNC3)n1,28327676,CHEMBL5728430,2021,16.5,nM,=,public_measurement_reformatted,1
ACT-0063,eligible,IC50,17.4,=,7.759450752,=,CHEM-e3af42197365733a,CHEMBL5736732|IC50,source-reconciled exact historical assay-export IC50; not cellular or matched 1mM ATP endpoint; source potential_duplicate flag retained; does not itself establish ingestion duplication or independence,CHEMBL4462493,CCC(CC)n1c(C)nc2c(F)cc(-c3nc(Nc4ccc5c(n4)CCN(CCN(C)C)C5)ncc3F)cc21,c1cc(-c2ccc3nc[nH]c3c2)nc(Nc2ccc3c(n2)CCNC3)n1,28327685,CHEMBL5728430,2021,0.0174,uM,=,public_measurement_reformatted,1
ACT-0064,eligible,IC50,15.0,=,7.823908741,=,CHEM-9ee9efc733a2aa94,CHEMBL5736732|IC50,source-reconciled exact historical assay-export IC50; not cellular or matched 1mM ATP endpoint; source potential_duplicate flag retained; does not itself establish ingestion duplication or independence,CHEMBL5865665,Cc1nc2c(F)cc(-c3nc(Nc4ccc5c(n4)CCNC5)ncc3F)cc2n1C(C)C1CC1,c1cc(-c2ccc3ncn(CC4CC4)c3c2)nc(Nc2ccc3c(n2)CCNC3)n1,28327694,CHEMBL5728430,2021,15,nM,=,public_measurement_reformatted,1
ACT-0065,eligible,IC50,135.0,=,6.869666232,=,CHEM-74b72610476f43aa,CHEMBL5736732|IC50,source-reconciled exact historical assay-export IC50; not cellular or matched 1mM ATP endpoint; source potential_duplicate flag retained; does not itself establish ingestion duplication or independence,CHEMBL5925248,Cc1nc2c(F)cc(-c3nc(Nc4ccc5c(n4)CCN(C[C@H](C)N(C)C)C5)ncc3F)cc2n1C1CC1,c1cc(-c2ccc3ncn(C4CC4)c3c2)nc(Nc2ccc3c(n2)CCNC3)n1,28327703,CHEMBL5728430,2021,1.35e-07,M,=,public_measurement_reformatted,1
ACT-0066,eligible,IC50,16.3,=,7.787812396,=,CHEM-4384d7b3b24a886e,CHEMBL5736732|IC50,source-reconciled exact historical assay-export IC50; not cellular or matched 1mM ATP endpoint; source potential_duplicate flag retained; does not itself establish ingestion duplication or independence,CHEMBL4550287,Cc1nc2c(F)cc(-c3nc(Nc4ccc5c(n4)CCN(CCN(C)C)C5)ncc3F)cc2n1C(C)C1CC1,c1cc(-c2ccc3ncn(CC4CC4)c3c2)nc(Nc2ccc3c(n2)CCNC3)n1,28327712,CHEMBL5728430,2021,16.3,nM,=,public_measurement_reformatted,1
ACT-0067,eligible,IC50,10.3,=,7.987162775,=,CHEM-e1ed07c097bdd754,CHEMBL5736732|IC50,source-reconciled exact historical assay-export IC50; not cellular or matched 1mM ATP endpoint; source potential_duplicate flag retained; does not itself establish ingestion duplication or independence,CHEMBL5886747,Cc1nc2c(F)cc(-c3nc(Nc4ccc5c(n4)CCNC5)ncc3F)cc2n1C1(C)CC1,c1cc(-c2ccc3ncn(C4CC4)c3c2)nc(Nc2ccc3c(n2)CCNC3)n1,28327721,CHEMBL5728430,2021,10.3,nM,=,public_measurement_reformatted,1
ACT-0068,eligible,IC50,16.3,=,7.787812396,=,CHEM-f617d757033dca51,CHEMBL5736732|IC50,source-reconciled exact historical assay-export IC50; not cellular or matched 1mM ATP endpoint; source potential_duplicate flag retained; does not itself establish ingestion duplication or independence,CHEMBL4542247,Cc1nc2c(F)cc(-c3nc(Nc4ccc5c(n4)CCN(CCN(C)C)C5)ncc3F)cc2n1C1(C)CC1,c1cc(-c2ccc3ncn(C4CC4)c3c2)nc(Nc2ccc3c(n2)CCNC3)n1,28327730,CHEMBL5728430,2021,16.3,nM,=,public_measurement_reformatted,1
ACT-0069,eligible,IC50,62.4,=,7.204815410,=,CHEM-0992dff5a582b21a,CHEMBL5736732|IC50,source-reconciled exact historical assay-export IC50; not cellular or matched 1mM ATP endpoint; source potential_duplicate flag retained; does not itself establish ingestion duplication or independence,CHEMBL5888813,Cc1nc2c(F)cc(-c3nc(Nc4ccc5c(n4)CCN(CC[Si](C)(C)C)C5)ncc3F)cc2n1C(C)C,c1cc(-c2ccc3nc[nH]c3c2)nc(Nc2ccc3c(n2)CCNC3)n1,28327739,CHEMBL5728430,2021,62.4,nM,=,public_measurement_reformatted,1
ACT-0070,eligible,IC50,28.5,=,7.545155140,=,CHEM-5233869dab2cecd6,CHEMBL5736732|IC50,source-reconciled exact historical assay-export IC50; not cellular or matched 1mM ATP endpoint; source potential_duplicate flag retained; does not itself establish ingestion duplication or independence,CHEMBL5911327,Cc1nc2c(F)cc(-c3nc(Nc4ccc5c(n4)CCN(CCCN(C)C)C5)ncc3F)cc2n1C(C)(C)C,c1cc(-c2ccc3nc[nH]c3c2)nc(Nc2ccc3c(n2)CCNC3)n1,28327748,CHEMBL5728430,2021,0.0285,uM,=,public_measurement_reformatted,1
ACT-0071,eligible,IC50,16.3,=,7.787812396,=,CHEM-1a3199a60684142c,CHEMBL5736732|IC50,source-reconciled exact historical assay-export IC50; not cellular or matched 1mM ATP endpoint; source potential_duplicate flag retained; does not itself establish ingestion duplication or independence,CHEMBL4463172,Cc1nc2c(F)cc(-c3nc(Nc4ccc5c(n4)CCN(CCN(C)C(=N)N)C5)ncc3F)cc2n1C(C)C,c1cc(-c2ccc3nc[nH]c3c2)nc(Nc2ccc3c(n2)CCNC3)n1,28327757,CHEMBL5728430,2021,16.3,nM,=,public_measurement_reformatted,1
ACT-0072,eligible,IC50,14.3,=,7.844663963,=,CHEM-1867c73baa16cc19,CHEMBL5736732|IC50,source-reconciled exact historical assay-export IC50; not cellular or matched 1mM ATP endpoint; source potential_duplicate flag retained; does not itself establish ingestion duplication or independence,CHEMBL5830076,Cc1nc2c(F)cc(-c3nc(Nc4ccc5c(n4)CCN(C(=O)CCN(C)C)C5)ncc3F)cc2n1C(C)(C)C,c1cc(-c2ccc3nc[nH]c3c2)nc(Nc2ccc3c(n2)CCNC3)n1,28327766,CHEMBL5728430,2021,14.3,nM,=,public_measurement_reformatted,1
ACT-0073,eligible,IC50,16.3,=,7.787812396,=,CHEM-92008589c6b5efd2,CHEMBL5736732|IC50,source-reconciled exact historical assay-export IC50; not cellular or matched 1mM ATP endpoint; source potential_duplicate flag retained; does not itself establish ingestion duplication or independence,CHEMBL5869281,Cc1nc2c(F)cc(-c3nc(Nc4ccc5c(n4)CCN(C[C@H]4CN(C)CCO4)C5)ncc3F)cc2n1C(C)(C)C,c1cc(-c2ccc3nc[nH]c3c2)nc(Nc2ccc3c(n2)CCN(C[C@H]2CNCCO2)C3)n1,28327775,CHEMBL5728430,2021,16.3,nM,=,public_measurement_reformatted,1
ACT-0074,eligible,IC50,10.3,=,7.987162775,=,CHEM-6a13c48f89cf8463,CHEMBL5736732|IC50,source-reconciled exact historical assay-export IC50; not cellular or matched 1mM ATP endpoint; source potential_duplicate flag retained; does not itself establish ingestion duplication or independence,CHEMBL5774332,Cc1nc2c(F)cc(-c3nc(Nc4ccc5c(n4)CCN(C[C@@H]4CN(C)CCO4)C5)ncc3F)cc2n1C(C)(C)C,c1cc(-c2ccc3nc[nH]c3c2)nc(Nc2ccc3c(n2)CCN(C[C@@H]2CNCCO2)C3)n1,28327784,CHEMBL5728430,2021,10.3,nM,=,public_measurement_reformatted,1
ACT-0075,eligible,IC50,6.02,=,8.220403509,=,CHEM-fdee6215052f0f83,CHEMBL5736732|IC50,source-reconciled exact historical assay-export IC50; not cellular or matched 1mM ATP endpoint; source potential_duplicate flag retained; does not itself establish ingestion duplication or independence,CHEMBL6020156,Cc1nc2c(F)cc(-c3nc(Nc4ccc5c(n4)CCN(C/C=N/O)C5)ncc3F)cc2n1C(C)C,c1cc(-c2ccc3nc[nH]c3c2)nc(Nc2ccc3c(n2)CCNC3)n1,28327793,CHEMBL5728430,2021,6.02,nM,=,public_measurement_reformatted,1
ACT-0076,eligible,IC50,15.0,=,7.823908741,=,CHEM-77a5a4cd38f10001,CHEMBL5736732|IC50,source-reconciled exact historical assay-export IC50; not cellular or matched 1mM ATP endpoint,CHEMBL6031262,C/C(=N/O)N(C)CCN1CCc2nc(Nc3ncc(F)c(-c4cc(F)c5nc(C)n(C(C)C)c5c4)n3)ccc2C1,c1cc(-c2ccc3nc[nH]c3c2)nc(Nc2ccc3c(n2)CCNC3)n1,28327802,CHEMBL5728430,2021,15,nM,=,public_measurement_reformatted,0
ACT-0077,eligible,IC50,670.0,=,6.173925197,=,CHEM-6bf1dd9dd6929a54,CHEMBL5736732|IC50,source-reconciled exact historical assay-export IC50; not cellular or matched 1mM ATP endpoint,CHEMBL5755607,Cc1nc2c(F)cc(-c3nc(Nc4ccc5c(n4)CCN(CCN=C(N)N)C5)ncc3F)cc2n1C(C)C,c1cc(-c2ccc3nc[nH]c3c2)nc(Nc2ccc3c(n2)CCNC3)n1,28327811,CHEMBL5728430,2021,0.67,uM,=,public_measurement_reformatted,0
ACT-0078,eligible,IC50,19.2,=,7.716698771,=,CHEM-37e1c2dd4ef2847f,CHEMBL5736732|IC50,source-reconciled exact historical assay-export IC50; not cellular or matched 1mM ATP endpoint; source potential_duplicate flag retained; does not itself establish ingestion duplication or independence,CHEMBL4438059,Cc1nc2c(F)cc(-c3nc(Nc4ccc5c(n4)CCN(CCN(C)C)C5)ncc3F)cc2n1C1CCCCC1,c1cc(-c2ccc3ncn(C4CCCCC4)c3c2)nc(Nc2ccc3c(n2)CCNC3)n1,28327829,CHEMBL5728430,2021,1.92e-08,M,=,public_measurement_reformatted,1
ACT-0079,eligible,IC50,23.8,=,7.623423043,=,CHEM-f9aa79cca2340b18,CHEMBL5736732|IC50,source-reconciled exact historical assay-export IC50; not cellular or matched 1mM ATP endpoint; source potential_duplicate flag retained; does not itself establish ingestion duplication or independence,CHEMBL6013826,Cc1nc2c(F)cc(-c3nc(Nc4ccc5c(n4)CCN(CCN(C)C)[C@H]5C)ncc3F)cc2n1C(C)(C)C,c1cc(-c2ccc3nc[nH]c3c2)nc(Nc2ccc3c(n2)CCNC3)n1,28327838,CHEMBL5728430,2021,23.8,nM,=,public_measurement_reformatted,1
ACT-0080,eligible,IC50,31.1,=,7.507239611,=,CHEM-73c4e386926a7f99,CHEMBL5736732|IC50,source-reconciled exact historical assay-export IC50; not cellular or matched 1mM ATP endpoint,CHEMBL6009610,Cc1nc2c(F)cc(-c3nc(Nc4ccc5c(n4)CCN(CCN(C)C)[C@@H]5C)ncc3F)cc2n1C(C)(C)C,c1cc(-c2ccc3nc[nH]c3c2)nc(Nc2ccc3c(n2)CCNC3)n1,28327847,CHEMBL5728430,2021,31.1,nM,=,public_measurement_reformatted,0
ACT-0081,eligible,IC50,83.3,=,7.079354999,=,CHEM-f9aa79cca2340b18,CHEMBL5736732|IC50,source-reconciled exact historical assay-export IC50; not cellular or matched 1mM ATP endpoint; source potential_duplicate flag retained; does not itself establish ingestion duplication or independence,CHEMBL6013826,Cc1nc2c(F)cc(-c3nc(Nc4ccc5c(n4)CCN(CCN(C)C)[C@H]5C)ncc3F)cc2n1C(C)(C)C,c1cc(-c2ccc3nc[nH]c3c2)nc(Nc2ccc3c(n2)CCNC3)n1,28327856,CHEMBL5728430,2021,83.3,nM,=,public_measurement_reformatted,1
ACT-0082,eligible,IC50,135.0,=,6.869666232,=,CHEM-a3ee8353bcdf567b,CHEMBL5736732|IC50,source-reconciled exact historical assay-export IC50; not cellular or matched 1mM ATP endpoint; source potential_duplicate flag retained; does not itself establish ingestion duplication or independence,CHEMBL4461442,Cc1nc2c(F)cc(-c3nc(Nc4ccc5c(n4)CCN(CCN(C)P(C)(C)=O)C5)ncc3F)cc2n1C(C)C,c1cc(-c2ccc3nc[nH]c3c2)nc(Nc2ccc3c(n2)CCNC3)n1,28327865,CHEMBL5728430,2021,135,nM,=,public_measurement_reformatted,1
ACT-0083,eligible,IC50,30.7,=,7.512861625,=,CHEM-492a1c0666493ebf,CHEMBL5736732|IC50,source-reconciled exact historical assay-export IC50; not cellular or matched 1mM ATP endpoint; source potential_duplicate flag retained; does not itself establish ingestion duplication or independence,CHEMBL5950534,Cc1nc2c(F)cc(-c3nc(Nc4ccc5c(n4)C[C@@H](C)NC5)ncc3F)cc2n1C(C)(C)C,c1cc(-c2ccc3nc[nH]c3c2)nc(Nc2ccc3c(n2)CCNC3)n1,28327883,CHEMBL5728430,2021,30.7,nM,=,public_measurement_reformatted,1
ACT-0084,eligible,IC50,14.5,=,7.838631998,=,CHEM-a3697fc0a140db3c,CHEMBL5736732|IC50,source-reconciled exact historical assay-export IC50; not cellular or matched 1mM ATP endpoint; source potential_duplicate flag retained; does not itself establish ingestion duplication or independence,CHEMBL4438497,Cc1nc2c(F)cc(-c3nc(Nc4ccc5c(n4)CCN(CCN(C)C(N)=S)C5)ncc3F)cc2n1C(C)C,c1cc(-c2ccc3nc[nH]c3c2)nc(Nc2ccc3c(n2)CCNC3)n1,28327892,CHEMBL5728430,2021,0.0145,uM,=,public_measurement_reformatted,1
ACT-0085,eligible,IC50,11.2,=,7.950781977,=,CHEM-492a1c0666493ebf,CHEMBL5736732|IC50,source-reconciled exact historical assay-export IC50; not cellular or matched 1mM ATP endpoint; source potential_duplicate flag retained; does not itself establish ingestion duplication or independence,CHEMBL5950534,Cc1nc2c(F)cc(-c3nc(Nc4ccc5c(n4)C[C@@H](C)NC5)ncc3F)cc2n1C(C)(C)C,c1cc(-c2ccc3nc[nH]c3c2)nc(Nc2ccc3c(n2)CCNC3)n1,28327901,CHEMBL5728430,2021,11.2,nM,=,public_measurement_reformatted,1
ACT-0086,eligible,IC50,44.9,=,7.347753659,=,CHEM-cc6d31434b6b4602,CHEMBL5736732|IC50,source-reconciled exact historical assay-export IC50; not cellular or matched 1mM ATP endpoint,CHEMBL6058303,Cc1nc2c(F)cc(-c3nc(Nc4ccc5c(n4)C[C@H](C)N(CCN(C)C)C5)ncc3F)cc2n1C(C)(C)C,c1cc(-c2ccc3nc[nH]c3c2)nc(Nc2ccc3c(n2)CCNC3)n1,28327910,CHEMBL5728430,2021,44.9,nM,=,public_measurement_reformatted,0
ACT-0087,eligible,IC50,23.6,=,7.627087997,=,CHEM-601c4eb54046188f,CHEMBL5736732|IC50,source-reconciled exact historical assay-export IC50; not cellular or matched 1mM ATP endpoint,CHEMBL5775091,Cc1nc2c(F)cc(-c3nc(Nc4ccc5c(n4)CCN(CCS(C)(=O)=NC#N)C5)ncc3F)cc2n1C(C)C,c1cc(-c2ccc3nc[nH]c3c2)nc(Nc2ccc3c(n2)CCNC3)n1,28327919,CHEMBL5728430,2021,23.6,nM,=,public_measurement_reformatted,0
ACT-0088,eligible,IC50,232.0,=,6.634512015,=,CHEM-bbb5db870fe72d3c,CHEMBL5736732|IC50,source-reconciled exact historical assay-export IC50; not cellular or matched 1mM ATP endpoint; source potential_duplicate flag retained; does not itself establish ingestion duplication or independence,CHEMBL4449998,Cc1nc2c(F)cc(-c3nc(Nc4ccc5c(n4)CCN(CCN(C)C)C5)ncc3F)cc2n1CC1CC1,c1cc(-c2ccc3ncn(CC4CC4)c3c2)nc(Nc2ccc3c(n2)CCNC3)n1,28327928,CHEMBL5728430,2021,232,nM,=,public_measurement_reformatted,1
ACT-0089,eligible,IC50,444.0,=,6.352617030,=,CHEM-2c2b1fa8ad828b3b,CHEMBL5736732|IC50,source-reconciled exact historical assay-export IC50; not cellular or matched 1mM ATP endpoint; source potential_duplicate flag retained; does not itself establish ingestion duplication or independence,CHEMBL5832698,Cc1nc2c(F)cc(-c3nc(Nc4ccc5c(n4)CCN(C(=O)[C@@H](C)N(C)C)C5)ncc3F)cc2n1C1CC1,c1cc(-c2ccc3ncn(C4CC4)c3c2)nc(Nc2ccc3c(n2)CCNC3)n1,28327937,CHEMBL5728430,2021,444,nM,=,public_measurement_reformatted,1
ACT-0090,eligible,IC50,28.5,=,7.545155140,=,CHEM-2129aea8641c3b46,CHEMBL5736732|IC50,source-reconciled exact historical assay-export IC50; not cellular or matched 1mM ATP endpoint; source potential_duplicate flag retained; does not itself establish ingestion duplication or independence,CHEMBL5994564,Cc1nc2c(F)cc(-c3nc(Nc4ccc5c(n4)CCN(C[C@@H]4CCCN4C)C5)ncc3F)cc2n1C1CC1,c1cc(-c2ccc3ncn(C4CC4)c3c2)nc(Nc2ccc3c(n2)CCN(C[C@@H]2CCCN2)C3)n1,28327964,CHEMBL5728430,2021,28.5,nM,=,public_measurement_reformatted,1
ACT-0091,eligible,IC50,19.400000000000002,=,7.712198270,=,CHEM-6bf1dd9dd6929a54,CHEMBL5736732|IC50,source-reconciled exact historical assay-export IC50; not cellular or matched 1mM ATP endpoint; source potential_duplicate flag retained; does not itself establish ingestion duplication or independence,CHEMBL5755607,Cc1nc2c(F)cc(-c3nc(Nc4ccc5c(n4)CCN(CCN=C(N)N)C5)ncc3F)cc2n1C(C)C,c1cc(-c2ccc3nc[nH]c3c2)nc(Nc2ccc3c(n2)CCNC3)n1,28327973,CHEMBL5728430,2021,0.0194,uM,=,public_measurement_reformatted,1
ACT-0092,eligible,IC50,78.2,=,7.106793247,=,CHEM-6dc536ab571bf4e0,CHEMBL5736732|IC50,source-reconciled exact historical assay-export IC50; not cellular or matched 1mM ATP endpoint; source potential_duplicate flag retained; does not itself establish ingestion duplication or independence,CHEMBL4463874,Cc1nc2c(F)cc(-c3nc(Nc4ccc5c(n4)CCN(CCN(C)CCNC(=N)N)C5)ncc3F)cc2n1C(C)C,c1cc(-c2ccc3nc[nH]c3c2)nc(Nc2ccc3c(n2)CCNC3)n1,28327982,CHEMBL5728430,2021,78.2,nM,=,public_measurement_reformatted,1
ACT-0093,eligible,IC50,25.1,=,7.600326279,=,CHEM-6626cdedbcfdcd80,CHEMBL5736732|IC50,source-reconciled exact historical assay-export IC50; not cellular or matched 1mM ATP endpoint; source potential_duplicate flag retained; does not itself establish ingestion duplication or independence,CHEMBL4439999,Cc1nc2c(F)cc(-c3nc(Nc4ccc5c(n4)CCN(CCN(C)CC[Si](C)(C)C)C5)ncc3F)cc2n1C(C)C,c1cc(-c2ccc3nc[nH]c3c2)nc(Nc2ccc3c(n2)CCNC3)n1,28327991,CHEMBL5728430,2021,25.1,nM,=,public_measurement_reformatted,1
ACT-0094,eligible,IC50,147.0,=,6.832682665,=,CHEM-79282acfeb90c1c9,CHEMBL5736732|IC50,source-reconciled exact historical assay-export IC50; not cellular or matched 1mM ATP endpoint; source potential_duplicate flag retained; does not itself establish ingestion duplication or independence,CHEMBL4461579,Cc1nc2c(F)cc(-c3nc(Nc4ccc5c(n4)CCN(CCN(C)C(=S)n4ccnc4)C5)ncc3F)cc2n1C(C)C,S=C(NCCN1CCc2nc(Nc3nccc(-c4ccc5nc[nH]c5c4)n3)ccc2C1)n1ccnc1,28328000,CHEMBL5728430,2021,147,nM,=,public_measurement_reformatted,1
ACT-0095,eligible,IC50,486.0,=,6.313363731,=,CHEM-4e4b06611b4e2190,CHEMBL5736732|IC50,source-reconciled exact historical assay-export IC50; not cellular or matched 1mM ATP endpoint; source potential_duplicate flag retained; does not itself establish ingestion duplication or independence,CHEMBL6033665,Cc1nc2c(F)cc(-c3nc(Nc4ccc5c(n4)CCNC5)ncc3F)cc2n1C,c1cc(-c2ccc3nc[nH]c3c2)nc(Nc2ccc3c(n2)CCNC3)n1,28328009,CHEMBL5728430,2021,486,nM,=,public_measurement_reformatted,1
ACT-0096,context_only,IC50,3330.0,>,5.477555766,<,CHEM-385a0c33eeaf1968,CHEMBL5736732|IC50,"censored concentration; log threshold retained with reversed inequality, not exact training label; source potential_duplicate flag retained; does not itself establish ingestion duplication or independence",CHEMBL4458266,Cc1nc2c(F)cc(-c3nc(Nc4ccc5c(n4)CCN(CCN(C)C)C5)ncc3F)cc2n1C,c1cc(-c2ccc3nc[nH]c3c2)nc(Nc2ccc3c(n2)CCNC3)n1,28328027,CHEMBL5728430,2021,3330,nM,>,public_measurement_reformatted,1
ACT-0097,eligible,IC50,126.0,=,6.899629455,=,CHEM-b9d594eb84afc77f,CHEMBL5736732|IC50,source-reconciled exact historical assay-export IC50; not cellular or matched 1mM ATP endpoint,CHEMBL5900599,CCn1c(C)nc2c(F)cc(-c3nc(Nc4ccc5c(n4)CCNC5)ncc3F)cc21,c1cc(-c2ccc3nc[nH]c3c2)nc(Nc2ccc3c(n2)CCNC3)n1,28328036,CHEMBL5728430,2021,126,nM,=,public_measurement_reformatted,0
ACT-0098,eligible,IC50,358.0,=,6.446116973,=,CHEM-ec75515084ae8ed9,CHEMBL5736732|IC50,source-reconciled exact historical assay-export IC50; not cellular or matched 1mM ATP endpoint; source potential_duplicate flag retained; does not itself establish ingestion duplication or independence,CHEMBL4445727,CCn1c(C)nc2c(F)cc(-c3nc(Nc4ccc5c(n4)CCN(CCN(C)C)C5)ncc3F)cc21,c1cc(-c2ccc3nc[nH]c3c2)nc(Nc2ccc3c(n2)CCNC3)n1,28328045,CHEMBL5728430,2021,0.358,uM,=,public_measurement_reformatted,1
ACT-0099,eligible,IC50,301.0,=,6.521433504,=,CHEM-62c41d2138273056,CHEMBL5736732|IC50,source-reconciled exact historical assay-export IC50; not cellular or matched 1mM ATP endpoint; source potential_duplicate flag retained; does not itself establish ingestion duplication or independence,CHEMBL5935906,CNCCN1CCc2nc(Nc3ncc(F)c(-c4cc(F)c5nc(C)n(C6CC6)c5c4)n3)ccc2C1,c1cc(-c2ccc3ncn(C4CC4)c3c2)nc(Nc2ccc3c(n2)CCNC3)n1,28328054,CHEMBL5728430,2021,301,nM,=,public_measurement_reformatted,1
ACT-0100,eligible,IC50,42.8,=,7.368556231,=,CHEM-0d0e50504fb621a1,CHEMBL5736732|IC50,source-reconciled exact historical assay-export IC50; not cellular or matched 1mM ATP endpoint; source potential_duplicate flag retained; does not itself establish ingestion duplication or independence,CHEMBL5816005,Cc1nc2c(F)cc(-c3nc(Nc4ccc5c(n4)CCN(CCN4CCOCC4)C5)ncc3F)cc2n1C(C)(C)C,c1cc(-c2ccc3nc[nH]c3c2)nc(Nc2ccc3c(n2)CCN(CCN2CCOCC2)C3)n1,28328063,CHEMBL5728430,2021,42.8,nM,=,public_measurement_reformatted,1
ACT-0101,eligible,IC50,39.6,=,7.402304814,=,CHEM-c8b4d8b105d66b9d,CHEMBL5736732|IC50,source-reconciled exact historical assay-export IC50; not cellular or matched 1mM ATP endpoint; source potential_duplicate flag retained; does not itself establish ingestion duplication or independence,CHEMBL5979966,Cc1nc2c(F)cc(-c3nc(Nc4ccc5c(n4)CCN(CCN4CCN(C)CC4)C5)ncc3F)cc2n1C(C)(C)C,c1cc(-c2ccc3nc[nH]c3c2)nc(Nc2ccc3c(n2)CCN(CCN2CCNCC2)C3)n1,28328072,CHEMBL5728430,2021,39.6,nM,=,public_measurement_reformatted,1
ACT-0102,eligible,IC50,67.0,=,7.173925197,=,CHEM-16a4de1d344ed98d,CHEMBL5736732|IC50,source-reconciled exact historical assay-export IC50; not cellular or matched 1mM ATP endpoint; source potential_duplicate flag retained; does not itself establish ingestion duplication or independence,CHEMBL6002613,Cc1nc2c(F)cc(-c3nc(Nc4ccc5c(n4)CCN(CCN4CCP(C)(=O)CC4)C5)ncc3F)cc2n1C(C)(C)C,O=[PH]1CCN(CCN2CCc3nc(Nc4nccc(-c5ccc6nc[nH]c6c5)n4)ccc3C2)CC1,28328081,CHEMBL5728430,2021,67,nM,=,public_measurement_reformatted,1
ACT-0103,eligible,IC50,48.4,=,7.315154638,=,CHEM-c819110f37447e94,CHEMBL5736732|IC50,source-reconciled exact historical assay-export IC50; not cellular or matched 1mM ATP endpoint; source potential_duplicate flag retained; does not itself establish ingestion duplication or independence,CHEMBL5834090,Cc1nc2c(F)cc(-c3nc(Nc4ccc5c(n4)CCN(CCN(C)CCO)C5)ncc3F)cc2n1C(C)(C)C,c1cc(-c2ccc3nc[nH]c3c2)nc(Nc2ccc3c(n2)CCNC3)n1,28328090,CHEMBL5728430,2021,48.4,nM,=,public_measurement_reformatted,1
ACT-0104,eligible,IC50,73.1,=,7.136082623,=,CHEM-1e4df3d061025532,CHEMBL5736732|IC50,source-reconciled exact historical assay-export IC50; not cellular or matched 1mM ATP endpoint; source potential_duplicate flag retained; does not itself establish ingestion duplication or independence,CHEMBL5983466,Cc1nc2c(F)cc(-c3nc(Nc4ccc5c(n4)CCN(CCN(C)CCN(C)C)C5)ncc3F)cc2n1C(C)(C)C,c1cc(-c2ccc3nc[nH]c3c2)nc(Nc2ccc3c(n2)CCNC3)n1,28328099,CHEMBL5728430,2021,7.31e-08,M,=,public_measurement_reformatted,1
ACT-0105,eligible,IC50,34.6,=,7.460923901,=,CHEM-3bcece6d17e73b25,CHEMBL5736732|IC50,source-reconciled exact historical assay-export IC50; not cellular or matched 1mM ATP endpoint; source potential_duplicate flag retained; does not itself establish ingestion duplication or independence,CHEMBL5921721,Cc1nc2c(F)cc(-c3nc(Nc4ccc5c(n4)CCN(CCN(C)CC[Si](C)(C)C)C5)ncc3F)cc2n1C(C)(C)C,c1cc(-c2ccc3nc[nH]c3c2)nc(Nc2ccc3c(n2)CCNC3)n1,28328108,CHEMBL5728430,2021,0.0346,uM,=,public_measurement_reformatted,1
ACT-0106,eligible,IC50,21.0,=,7.677780705,=,CHEM-ef3ced69f7e42e26,CHEMBL5736732|IC50,source-reconciled exact historical assay-export IC50; not cellular or matched 1mM ATP endpoint; source potential_duplicate flag retained; does not itself establish ingestion duplication or independence,CHEMBL5981008,CC(=N)NCCN1CCc2nc(Nc3ncc(F)c(-c4cc(F)c5nc(C)n(C(C)C)c5c4)n3)ccc2C1,c1cc(-c2ccc3nc[nH]c3c2)nc(Nc2ccc3c(n2)CCNC3)n1,28328117,CHEMBL5728430,2021,21,nM,=,public_measurement_reformatted,1
ACT-0107,eligible,IC50,6.68,=,8.175223538,=,CHEM-9822352de6a3cbee,CHEMBL5736732|IC50,source-reconciled exact historical assay-export IC50; not cellular or matched 1mM ATP endpoint; source potential_duplicate flag retained; does not itself establish ingestion duplication or independence,CHEMBL6002674,CNCCN1CCc2nc(Nc3ncc(F)c(-c4cc(F)c5nc(C)n(C(C)(C)C)c5c4)n3)ccc2C1,c1cc(-c2ccc3nc[nH]c3c2)nc(Nc2ccc3c(n2)CCNC3)n1,28328126,CHEMBL5728430,2021,6.68,nM,=,public_measurement_reformatted,1
ACT-0108,eligible,IC50,60.2,=,7.220403509,=,CHEM-f2c47945fc27d48c,CHEMBL5736732|IC50,source-reconciled exact historical assay-export IC50; not cellular or matched 1mM ATP endpoint; source potential_duplicate flag retained; does not itself establish ingestion duplication or independence,CHEMBL5845923,CCOP(=O)(OCC)C1(O)CCN(CCN2CCc3nc(Nc4ncc(F)c(-c5cc(F)c6nc(C)n(C(C)(C)C)c6c5)n4)ccc3C2)C1,c1cc(-c2ccc3nc[nH]c3c2)nc(Nc2ccc3c(n2)CCN(CCN2CCCC2)C3)n1,28328144,CHEMBL5728430,2021,60.2,nM,=,public_measurement_reformatted,1
ACT-0109,eligible,IC50,27.6,=,7.559090918,=,CHEM-42bc827f1065674c,CHEMBL5736732|IC50,source-reconciled exact historical assay-export IC50; not cellular or matched 1mM ATP endpoint; source potential_duplicate flag retained; does not itself establish ingestion duplication or independence,CHEMBL5953254,Cc1nc2c(F)cc(-c3nc(Nc4ccc5c(n4)CCN(CCN(C)CCP(=O)(O)O)C5)ncc3F)cc2n1C(C)(C)C,c1cc(-c2ccc3nc[nH]c3c2)nc(Nc2ccc3c(n2)CCNC3)n1,28328153,CHEMBL5728430,2021,27.6,nM,=,public_measurement_reformatted,1
ACT-0110,eligible,IC50,59.3,=,7.226945307,=,CHEM-51ed3631b5a5caa1,CHEMBL5736732|IC50,source-reconciled exact historical assay-export IC50; not cellular or matched 1mM ATP endpoint; source potential_duplicate flag retained; does not itself establish ingestion duplication or independence,CHEMBL5772567,CCOP(=O)(CCN(C)CCN1CCc2nc(Nc3ncc(F)c(-c4cc(F)c5nc(C)n(C(C)(C)C)c5c4)n3)ccc2C1)OCC,c1cc(-c2ccc3nc[nH]c3c2)nc(Nc2ccc3c(n2)CCNC3)n1,28328162,CHEMBL5728430,2021,59.3,nM,=,public_measurement_reformatted,1
ACT-0111,eligible,IC50,27.0,=,7.568636236,=,CHEM-bc27b6bb09e9737d,CHEMBL5736732|IC50,source-reconciled exact historical assay-export IC50; not cellular or matched 1mM ATP endpoint; source potential_duplicate flag retained; does not itself establish ingestion duplication or independence,CHEMBL5751847,Cc1nc2c(F)cc(-c3nc(Nc4ccc5c(n4)CCN(CC(N)=NO)C5)ncc3F)cc2n1C(C)(C)C,c1cc(-c2ccc3nc[nH]c3c2)nc(Nc2ccc3c(n2)CCNC3)n1,28328171,CHEMBL5728430,2021,27,nM,=,public_measurement_reformatted,1
ACT-0112,eligible,IC50,40.2,=,7.395773947,=,CHEM-77a5a4cd38f10001,CHEMBL5736732|IC50,source-reconciled exact historical assay-export IC50; not cellular or matched 1mM ATP endpoint,CHEMBL6031262,C/C(=N/O)N(C)CCN1CCc2nc(Nc3ncc(F)c(-c4cc(F)c5nc(C)n(C(C)C)c5c4)n3)ccc2C1,c1cc(-c2ccc3nc[nH]c3c2)nc(Nc2ccc3c(n2)CCNC3)n1,28328180,CHEMBL5728430,2021,0.0402,uM,=,public_measurement_reformatted,0
ACT-0113,eligible,IC50,20.8,=,7.681936665,=,CHEM-84cef84952496cb9,CHEMBL5736732|IC50,source-reconciled exact historical assay-export IC50; not cellular or matched 1mM ATP endpoint; source potential_duplicate flag retained; does not itself establish ingestion duplication or independence,CHEMBL5938059,Cc1nc2c(F)cc(-c3nc(Nc4ccc5c(n4)CCN(CCN)C5)ncc3F)cc2n1C(C)(C)C,c1cc(-c2ccc3nc[nH]c3c2)nc(Nc2ccc3c(n2)CCNC3)n1,28328189,CHEMBL5728430,2021,20.8,nM,=,public_measurement_reformatted,1
ACT-0114,eligible,IC50,20.0,=,7.698970004,=,CHEM-d1fff744f73710ac,CHEMBL5736732|IC50,source-reconciled exact historical assay-export IC50; not cellular or matched 1mM ATP endpoint; source potential_duplicate flag retained; does not itself establish ingestion duplication or independence,CHEMBL5933703,CNCCN1CCc2nc(Nc3ncc(F)c(-c4cc(F)c5nc(C)n(C6(C)CC6)c5c4)n3)ccc2C1,c1cc(-c2ccc3ncn(C4CC4)c3c2)nc(Nc2ccc3c(n2)CCNC3)n1,28328198,CHEMBL5728430,2021,20,nM,=,public_measurement_reformatted,1
ACT-0115,eligible,IC50,117.0,=,6.931814138,=,CHEM-2773fcab444beafd,CHEMBL5736732|IC50,source-reconciled exact historical assay-export IC50; not cellular or matched 1mM ATP endpoint,CHEMBL4525034,CCOP(=O)(OCC)N(C)CCN1CCc2nc(Nc3ncc(F)c(-c4cc(F)c5nc(C)n(C(C)C)c5c4)n3)ccc2C1,c1cc(-c2ccc3nc[nH]c3c2)nc(Nc2ccc3c(n2)CCNC3)n1,28328216,CHEMBL5728430,2021,117,nM,=,public_measurement_reformatted,0
ACT-0116,eligible,IC50,50.3,=,7.298432015,=,CHEM-03f25696d23571b6,CHEMBL5736732|IC50,source-reconciled exact historical assay-export IC50; not cellular or matched 1mM ATP endpoint; source potential_duplicate flag retained; does not itself establish ingestion duplication or independence,CHEMBL5799961,Cc1nc2c(F)cc(-c3nc(Nc4ccc5c(n4)CCN(C(C)CN(C)C)C5)ncc3F)cc2n1C(C)(C)C,c1cc(-c2ccc3nc[nH]c3c2)nc(Nc2ccc3c(n2)CCNC3)n1,28328225,CHEMBL5728430,2021,50.3,nM,=,public_measurement_reformatted,1
ACT-0117,eligible,IC50,32.0,=,7.494850022,=,CHEM-b1452b3185b46678,CHEMBL5736732|IC50,source-reconciled exact historical assay-export IC50; not cellular or matched 1mM ATP endpoint; source potential_duplicate flag retained; does not itself establish ingestion duplication or independence,CHEMBL5775776,Cc1nc2c(F)cc(-c3nc(Nc4ccc5c(n4)CCN(CCN4CC=C(B(O)O)CC4)C5)ncc3F)cc2n1C(C)(C)C,C1=CCN(CCN2CCc3nc(Nc4nccc(-c5ccc6nc[nH]c6c5)n4)ccc3C2)CC1,28328234,CHEMBL5728430,2021,3.2e-08,M,=,public_measurement_reformatted,1
ACT-0118,eligible,IC50,13.1,=,7.882728704,=,CHEM-0592ca12564c7a80,CHEMBL5736732|IC50,source-reconciled exact historical assay-export IC50; not cellular or matched 1mM ATP endpoint; source potential_duplicate flag retained; does not itself establish ingestion duplication or independence,CHEMBL5979303,Cc1nc2c(F)cc(-c3nc(Nc4ccc5c(n4)CCN(CCS(C)(=O)=O)C5)ncc3F)cc2n1C(C)(C)C,c1cc(-c2ccc3nc[nH]c3c2)nc(Nc2ccc3c(n2)CCNC3)n1,28328243,CHEMBL5728430,2021,13.1,nM,=,public_measurement_reformatted,1
ACT-0119,eligible,IC50,14.0,=,7.853871964,=,CHEM-502adea8afc3ce4f,CHEMBL5736732|IC50,source-reconciled exact historical assay-export IC50; not cellular or matched 1mM ATP endpoint,CHEMBL6004741,Cc1nc2c(F)cc(-c3nc(Nc4ccc5c(n4)CCN(CC=NO)C5)ncc3F)cc2n1C(C)C,c1cc(-c2ccc3nc[nH]c3c2)nc(Nc2ccc3c(n2)CCNC3)n1,28328252,CHEMBL5728430,2021,0.014,uM,=,public_measurement_reformatted,0
ACT-0120,eligible,IC50,18.0,=,7.744727495,=,CHEM-b8b7b0b64a3e54db,CHEMBL5736732|IC50,source-reconciled exact historical assay-export IC50; not cellular or matched 1mM ATP endpoint; source potential_duplicate flag retained; does not itself establish ingestion duplication or independence,CHEMBL5956134,Cc1nc2c(F)cc(-c3nc(Nc4ccc5c(n4)CCN(CC(C)(C)N)C5)ncc3F)cc2n1C(C)(C)C,c1cc(-c2ccc3nc[nH]c3c2)nc(Nc2ccc3c(n2)CCNC3)n1,28328261,CHEMBL5728430,2021,18,nM,=,public_measurement_reformatted,1
ACT-0121,eligible,IC50,18.5,=,7.732828272,=,CHEM-4cffa1ee093ef7c9,CHEMBL5736732|IC50,source-reconciled exact historical assay-export IC50; not cellular or matched 1mM ATP endpoint; source potential_duplicate flag retained; does not itself establish ingestion duplication or independence,CHEMBL5758951,Cc1nc2c(F)cc(-c3nc(Nc4ccc5c(n4)CCN(CCN4CCC(B(O)O)CC4)C5)ncc3F)cc2n1C(C)(C)C,c1cc(-c2ccc3nc[nH]c3c2)nc(Nc2ccc3c(n2)CCN(CCN2CCCCC2)C3)n1,28328270,CHEMBL5728430,2021,18.5,nM,=,public_measurement_reformatted,1
ACT-0122,eligible,IC50,17.0,=,7.769551079,=,CHEM-37c823f2ac118302,CHEMBL5736732|IC50,source-reconciled exact historical assay-export IC50; not cellular or matched 1mM ATP endpoint; source potential_duplicate flag retained; does not itself establish ingestion duplication or independence,CHEMBL5836990,Cc1nc2c(F)cc(-c3nc(Nc4ccc5c(n4)CCNC5)ncc3F)cc2n1C(C)C,c1cc(-c2ccc3nc[nH]c3c2)nc(Nc2ccc3c(n2)CCNC3)n1,28328279,CHEMBL5728430,2021,17,nM,=,public_measurement_reformatted,1
ACT-0123,eligible,IC50,13.5,=,7.869666232,=,CHEM-b1afaa2f8f6df7c9,CHEMBL5736732|IC50,source-reconciled exact historical assay-export IC50; not cellular or matched 1mM ATP endpoint; source potential_duplicate flag retained; does not itself establish ingestion duplication or independence,CHEMBL4213219,Cc1nc2c(F)cc(-c3nc(Nc4ccc5c(n4)CCN(C(=O)CO)C5)ncc3F)cc2n1C(C)C,c1cc(-c2ccc3nc[nH]c3c2)nc(Nc2ccc3c(n2)CCNC3)n1,28328288,CHEMBL5728430,2021,13.5,nM,=,public_measurement_reformatted,1
ACT-0124,eligible,IC50,31.9,=,7.496209317,=,CHEM-db1a73d07b1dba27,CHEMBL5736732|IC50,source-reconciled exact historical assay-export IC50; not cellular or matched 1mM ATP endpoint; source potential_duplicate flag retained; does not itself establish ingestion duplication or independence,CHEMBL5834517,CC(=O)N1CCc2nc(Nc3ncc(F)c(-c4cc(F)c5nc(C)n(C(C)C)c5c4)n3)ccc2C1,c1cc(-c2ccc3nc[nH]c3c2)nc(Nc2ccc3c(n2)CCNC3)n1,28328306,CHEMBL5728430,2021,31.9,nM,=,public_measurement_reformatted,1
ACT-0125,eligible,IC50,19.9,=,7.701146924,=,CHEM-6374d7615f692028,CHEMBL5736732|IC50,source-reconciled exact historical assay-export IC50; not cellular or matched 1mM ATP endpoint; source potential_duplicate flag retained; does not itself establish ingestion duplication or independence,CHEMBL5908734,Cc1nc2c(F)cc(-c3nc(Nc4ccc5c(n4)CCN(CCO)C5)ncc3F)cc2n1C(C)C,c1cc(-c2ccc3nc[nH]c3c2)nc(Nc2ccc3c(n2)CCNC3)n1,28328315,CHEMBL5728430,2021,19.9,nM,=,public_measurement_reformatted,1
ACT-0126,eligible,IC50,22.5,=,7.647817482,=,CHEM-6af35978ad5acbaa,CHEMBL5736732|IC50,source-reconciled exact historical assay-export IC50; not cellular or matched 1mM ATP endpoint; source potential_duplicate flag retained; does not itself establish ingestion duplication or independence,CHEMBL4207796,Cc1nc2c(F)cc(-c3nc(Nc4ccc5c(n4)CCN(CCF)C5)ncc3F)cc2n1C(C)C,c1cc(-c2ccc3nc[nH]c3c2)nc(Nc2ccc3c(n2)CCNC3)n1,28328324,CHEMBL5728430,2021,0.0225,uM,=,public_measurement_reformatted,1
ACT-0127,context_only,IC50,5.6,=,8.251811973,=,CHEM-128aa8c0ea34228a,CHEMBL661125|IC50,distinct assay context; no pooling with declared historical modeling endpoint,CHEMBL1964242,O=C1Nc2ccc3ncsc3c2/C1=C/Nc1ccc(S(=O)(=O)NCc2ccccc2)cc1,O=C1Nc2ccc3ncsc3c2/C1=C/Nc1ccc(S(=O)(=O)NCc2ccccc2)cc1,1142480,CHEMBL1134300,2001,5.6,nM,=,public_measurement_reformatted,0
ACT-0128,context_only,IC50,560.0,=,6.251811973,=,CHEM-b6bbd9d157fe3e15,CHEMBL661125|IC50,distinct assay context; no pooling with declared historical modeling endpoint,CHEMBL1234085,CNS(=O)(=O)c1ccc(N/C=C2\C(=O)Nc3ccccc32)cc1,O=C1Nc2ccccc2/C1=C/Nc1ccccc1,1142488,CHEMBL1134300,2001,560,nM,=,public_measurement_reformatted,0
ACT-0129,context_only,IC50,4.6,=,8.337242168,=,CHEM-c15c5af11dcfdaf3,CHEMBL661125|IC50,distinct assay context; no pooling with declared historical modeling endpoint,CHEMBL314397,NS(=O)(=O)c1ccc(/N=N/c2c(O)[nH]c3cccc(I)c23)cc1,c1ccc(/N=N/c2c[nH]c3ccccc23)cc1,1143809,CHEMBL1134300,2001,4.6,nM,=,public_measurement_reformatted,0
ACT-0130,context_only,IC50,8.9,=,8.050609993,=,CHEM-58a36719c032d74e,CHEMBL661125|IC50,distinct assay context; no pooling with declared historical modeling endpoint,CHEMBL272165,NS(=O)(=O)c1ccc(N/N=C2\C(=O)Nc3ccc(C(=O)NCc4ccncc4)cc32)cc1,O=C1Nc2ccc(C(=O)NCc3ccncc3)cc2/C1=N/Nc1ccccc1,1143811,CHEMBL1134300,2001,8.9e-09,M,=,public_measurement_reformatted,0
ACT-0131,context_only,IC50,120.0,=,6.920818754,=,CHEM-c63fe17ac413c3ae,CHEMBL661125|IC50,distinct assay context; no pooling with declared historical modeling endpoint,CHEMBL438721,NS(=O)(=O)c1ccc(N/N=C2\C(=O)Nc3ccccc32)cc1,O=C1Nc2ccccc2/C1=N/Nc1ccccc1,1145032,CHEMBL1134300,2001,120,nM,=,public_measurement_reformatted,0
ACT-0132,context_only,IC50,2.5,=,8.602059991,=,CHEM-ea6158569a3ad618,CHEMBL661125|IC50,distinct assay context; no pooling with declared historical modeling endpoint,CHEMBL270132,NS(=O)(=O)c1ccc(N/C=C2\C(=O)Nc3ccc(-c4cnco4)cc32)cc1,O=C1Nc2ccc(-c3cnco3)cc2/C1=C/Nc1ccccc1,1145034,CHEMBL1134300,2001,2.5,nM,=,public_measurement_reformatted,0
ACT-0133,context_only,IC50,9.700000000000001,=,8.013228266,=,CHEM-4d00214cd3520a3a,CHEMBL661125|IC50,distinct assay context; no pooling with declared historical modeling endpoint,CHEMBL1276446,O=C1Nc2ccc3ncsc3c2/C1=C/Nc1ccc(S(=O)(=O)Nc2ccccn2)cc1,O=C1Nc2ccc3ncsc3c2/C1=C/Nc1ccc(S(=O)(=O)Nc2ccccn2)cc1,1145036,CHEMBL1134300,2001,0.0097,uM,=,public_measurement_reformatted,0
ACT-0134,context_only,IC50,5.7,=,8.244125144,=,CHEM-e7c780ef8c96b84e,CHEMBL661125|IC50,distinct assay context; no pooling with declared historical modeling endpoint,CHEMBL1234086,CNS(=O)(=O)Cc1ccc(N/N=C2\C(=O)Nc3ccc4ncsc4c32)cc1,O=C1Nc2ccc3ncsc3c2/C1=N/Nc1ccccc1,1145044,CHEMBL1134300,2001,5.7,nM,=,public_measurement_reformatted,0
ACT-0135,context_only,IC50,21.0,=,7.677780705,=,CHEM-889722716d1cc9d9,CHEMBL661125|IC50,distinct assay context; no pooling with declared historical modeling endpoint,CHEMBL271182,CCc1ccc2c(c1)NC(=O)/C2=N\Nc1ccc(S(N)(=O)=O)cc1,O=C1Nc2ccccc2/C1=N/Nc1ccccc1,1146499,CHEMBL1134300,2001,21,nM,=,public_measurement_reformatted,0
ACT-0136,context_only,IC50,1.0,=,9.000000000,=,CHEM-fbe7a6ff0f2b1fa8,CHEMBL661125|IC50,distinct assay context; no pooling with declared historical modeling endpoint,CHEMBL1964249,COCCOCCOCCOCCN(C)S(=O)(=O)c1ccc(N/C=C2\C(=O)Nc3ccc4ncsc4c32)cc1,O=C1Nc2ccc3ncsc3c2/C1=C/Nc1ccccc1,1146501,CHEMBL1134300,2001,1,nM,=,public_measurement_reformatted,0
ACT-0137,context_only,IC50,4.6,=,8.337242168,=,CHEM-afd23fce0538b52e,CHEMBL661125|IC50,distinct assay context; no pooling with declared historical modeling endpoint,CHEMBL272667,Cc1c([N+](=O)[O-])ccc2c1/C(=N/Nc1ccc(S(N)(=O)=O)cc1)C(=O)N2,O=C1Nc2ccccc2/C1=N/Nc1ccccc1,1149045,CHEMBL1134300,2001,4.6,nM,=,public_measurement_reformatted,0
ACT-0138,context_only,IC50,690.0,=,6.161150909,=,CHEM-f6574fb584a2f42f,CHEMBL661125|IC50,distinct assay context; no pooling with declared historical modeling endpoint,CHEMBL269850,NS(=O)(=O)c1ccc(N/C=C2\C(=O)Nc3ccccc32)cc1,O=C1Nc2ccccc2/C1=C/Nc1ccccc1,1150272,CHEMBL1134300,2001,690,nM,=,public_measurement_reformatted,0
ACT-0139,context_only,IC50,43.0,=,7.366531544,=,CHEM-a36ca4a263a39631,CHEMBL661125|IC50,distinct assay context; no pooling with declared historical modeling endpoint,CHEMBL270054,NS(=O)(=O)c1ccc(N/N=C2\C(=O)Nc3ccc(Cl)cc32)cc1,O=C1Nc2ccccc2/C1=N/Nc1ccccc1,1150274,CHEMBL1134300,2001,43,nM,=,public_measurement_reformatted,0
ACT-0140,context_only,IC50,13.0,=,7.886056648,=,CHEM-47c29b5fe4a58407,CHEMBL661125|IC50,distinct assay context; no pooling with declared historical modeling endpoint,CHEMBL409104,NS(=O)(=O)c1ccc(N/N=C2\C(=O)Nc3cccc(Oc4ccccc4)c32)cc1,O=C1Nc2cccc(Oc3ccccc3)c2/C1=N/Nc1ccccc1,1150276,CHEMBL1134300,2001,0.013,uM,=,public_measurement_reformatted,0
ACT-0141,context_only,IC50,25.0,=,7.602059991,=,CHEM-5b34d9314bfa11f5,CHEMBL661125|IC50,distinct assay context; no pooling with declared historical modeling endpoint,CHEMBL272026,NS(=O)(=O)c1ccc(N/N=C2\C(=O)Nc3ccc(C(=O)NCCCn4ccnc4)cc32)cc1,O=C1Nc2ccc(C(=O)NCCCn3ccnc3)cc2/C1=N/Nc1ccccc1,1150278,CHEMBL1134300,2001,25,nM,=,public_measurement_reformatted,0
ACT-0142,context_only,IC50,12.0,=,7.920818754,=,CHEM-6b191b2f418795d7,CHEMBL661125|IC50,distinct assay context; no pooling with declared historical modeling endpoint,CHEMBL411865,NS(=O)(=O)c1ccc(N/N=C2\C(=O)Nc3cccc(CCc4ccc(O)cc4)c32)cc1,O=C1Nc2cccc(CCc3ccccc3)c2/C1=N/Nc1ccccc1,1151481,CHEMBL1134300,2001,12,nM,=,public_measurement_reformatted,0
ACT-0143,context_only,IC50,1.9000000000000001,=,8.721246399,=,CHEM-d927685ca7a3dcfe,CHEMBL661125|IC50,distinct assay context; no pooling with declared historical modeling endpoint,CHEMBL429142,CC(C)CC(=O)c1ccc2c(c1)/C(=C/Nc1ccc(S(N)(=O)=O)cc1)C(=O)N2,O=C1Nc2ccccc2/C1=C/Nc1ccccc1,1152636,CHEMBL1134300,2001,1.9e-09,M,=,public_measurement_reformatted,0
ACT-0144,context_only,IC50,2.1,=,8.677780705,=,CHEM-69c4b719a2352e2b,CHEMBL661125|IC50,distinct assay context; no pooling with declared historical modeling endpoint,CHEMBL271953,NS(=O)(=O)c1ccc(N/N=C2\C(=O)Nc3ccc(C(=O)NCc4cccnc4)cc32)cc1,O=C1Nc2ccc(C(=O)NCc3cccnc3)cc2/C1=N/Nc1ccccc1,1152638,CHEMBL1134300,2001,2.1,nM,=,public_measurement_reformatted,0
ACT-0145,context_only,IC50,43.0,=,7.366531544,=,CHEM-08a745ce55984dfd,CHEMBL661125|IC50,distinct assay context; no pooling with declared historical modeling endpoint,CHEMBL271183,NS(=O)(=O)c1ccc(N/N=C2\C(=O)Nc3cc(Br)ccc32)cc1,O=C1Nc2ccccc2/C1=N/Nc1ccccc1,1152640,CHEMBL1134300,2001,43,nM,=,public_measurement_reformatted,0
ACT-0146,context_only,IC50,13.0,=,7.886056648,=,CHEM-2c118ba7d0a2e35f,CHEMBL661125|IC50,distinct assay context; no pooling with declared historical modeling endpoint,CHEMBL272833,NS(=O)(=O)c1ccc(N/N=C2\C(=O)Nc3ccc4[nH]ncc4c32)cc1,O=C1Nc2ccc3[nH]ncc3c2/C1=N/Nc1ccccc1,1152642,CHEMBL1134300,2001,13,nM,=,public_measurement_reformatted,0
ACT-0147,context_only,IC50,9.5,=,8.022276395,=,CHEM-cb324e8be6e533cd,CHEMBL661125|IC50,distinct assay context; no pooling with declared historical modeling endpoint,CHEMBL2112297,O=C1Nc2ccc3ncsc3c2/C1=C/Nc1ccc(S(=O)(=O)N[n+]2ccc3ccccc3c2)cc1,O=C1Nc2ccc3ncsc3c2/C1=C/Nc1ccc(S(=O)(=O)N[n+]2ccc3ccccc3c2)cc1,1152644,CHEMBL1134300,2001,0.0095,uM,=,public_measurement_reformatted,0
ACT-0148,context_only,IC50,1000.0,=,6.000000000,=,CHEM-27ebf185be5a6249,CHEMBL661125|IC50,distinct assay context; no pooling with declared historical modeling endpoint,CHEMBL1964248,CN(C)CCNS(=O)(=O)c1ccc(N/C=C2\C(=O)Nc3ccccc32)cc1,O=C1Nc2ccccc2/C1=C/Nc1ccccc1,1152646,CHEMBL1134300,2001,1000,nM,=,public_measurement_reformatted,0
ACT-0149,context_only,IC50,54.0,=,7.267606240,=,CHEM-660f54c68643f888,CHEMBL661125|IC50,distinct assay context; no pooling with declared historical modeling endpoint,CHEMBL271137,NS(=O)(=O)c1ccc(N/C=C2\C(=O)Nc3cccc(CO)c32)cc1,O=C1Nc2ccccc2/C1=C/Nc1ccccc1,1153932,CHEMBL1134300,2001,54,nM,=,public_measurement_reformatted,0
ACT-0150,context_only,IC50,46.0,=,7.337242168,=,CHEM-c3bb9cc8e72846a9,CHEMBL661125|IC50,distinct assay context; no pooling with declared historical modeling endpoint,CHEMBL271843,Cc1ccc2c(c1)/C(=N/Nc1ccc(S(N)(=O)=O)cc1)C(=O)N2,O=C1Nc2ccccc2/C1=N/Nc1ccccc1,1153934,CHEMBL1134300,2001,46,nM,=,public_measurement_reformatted,0
ACT-0151,context_only,IC50,1.7,=,8.769551079,=,CHEM-98f10216fa15b5a4,CHEMBL661125|IC50,distinct assay context; no pooling with declared historical modeling endpoint,CHEMBL271136,COc1cccc(OC)c1CNC(=O)c1ccc2c(c1)/C(=N/Nc1ccc(S(N)(=O)=O)cc1)C(=O)N2,O=C1Nc2ccc(C(=O)NCc3ccccc3)cc2/C1=N/Nc1ccccc1,1153936,CHEMBL1134300,2001,1.7,nM,=,public_measurement_reformatted,0
ACT-0152,context_only,IC50,9.3,=,8.031517051,=,CHEM-28cf595fee75ef32,CHEMBL661125|IC50,distinct assay context; no pooling with declared historical modeling endpoint,CHEMBL272380,NS(=O)(=O)c1ccc(N/N=C2\C(=O)Nc3cccc(/C=C/c4ccc(O)cc4)c32)cc1,O=C1Nc2cccc(/C=C/c3ccccc3)c2/C1=N/Nc1ccccc1,1155249,CHEMBL1134300,2001,9.3,nM,=,public_measurement_reformatted,0
ACT-0153,context_only,IC50,17.0,=,7.769551079,=,CHEM-97b401bfc90774bd,CHEMBL661125|IC50,distinct assay context; no pooling with declared historical modeling endpoint,CHEMBL409868,CN(C)C(=O)c1ccc2c(c1)/C(=N/Nc1ccc(S(N)(=O)=O)cc1)C(=O)N2,O=C1Nc2ccccc2/C1=N/Nc1ccccc1,1155251,CHEMBL1134300,2001,17,nM,=,public_measurement_reformatted,0
ACT-0154,context_only,IC50,4.6,=,8.337242168,=,CHEM-0aa4d7cd595853cc,CHEMBL661125|IC50,distinct assay context; no pooling with declared historical modeling endpoint,CHEMBL1964247,CN(C)S(=O)(=O)c1ccc(N/C=C2\C(=O)Nc3ccc4ncsc4c32)cc1,O=C1Nc2ccc3ncsc3c2/C1=C/Nc1ccccc1,1155253,CHEMBL1134300,2001,0.0046,uM,=,public_measurement_reformatted,0
ACT-0155,context_only,IC50,3.6,=,8.443697499,=,CHEM-e626d76050f1cbb1,CHEMBL661125|IC50,distinct assay context; no pooling with declared historical modeling endpoint,CHEMBL1964251,O=C1Nc2ccc3ncsc3c2/C1=C/Nc1ccc(S(=O)(=O)NCCc2c[nH]cn2)cc1,O=C1Nc2ccc3ncsc3c2/C1=C/Nc1ccc(S(=O)(=O)NCCc2c[nH]cn2)cc1,1155255,CHEMBL1134300,2001,3.6,nM,=,public_measurement_reformatted,0
ACT-0156,context_only,IC50,2400.0,=,5.619788758,=,CHEM-84c0e306f1c9f1f0,CHEMBL661125|IC50,distinct assay context; no pooling with declared historical modeling endpoint,CHEMBL409619,NS(=O)(=O)c1ccc(N/N=C2\C(=O)Nc3cccc([N+](=O)[O-])c32)cc1,O=C1Nc2ccccc2/C1=N/Nc1ccccc1,1156654,CHEMBL1134300,2001,2.4e-06,M,=,public_measurement_reformatted,0
ACT-0157,context_only,IC50,1.5,=,8.823908741,=,CHEM-c4586a63f0dd7fcc,CHEMBL661125|IC50,distinct assay context; no pooling with declared historical modeling endpoint,CHEMBL445945,NS(=O)(=O)c1ccc(N/C=C2\C(=O)Nc3ccc4ncccc4c32)cc1,O=C1Nc2ccc3ncccc3c2/C1=C/Nc1ccccc1,1156656,CHEMBL1134300,2001,1.5,nM,=,public_measurement_reformatted,0
ACT-0158,context_only,IC50,4.3,=,8.366531544,=,CHEM-ec763db69e922d22,CHEMBL661125|IC50,distinct assay context; no pooling with declared historical modeling endpoint,CHEMBL1964244,O=C1Nc2ccc3ncsc3c2/C1=C/Nc1ccc(S(=O)(=O)Nc2ccccc2)cc1,O=C1Nc2ccc3ncsc3c2/C1=C/Nc1ccc(S(=O)(=O)Nc2ccccc2)cc1,1157792,CHEMBL1134300,2001,4.3,nM,=,public_measurement_reformatted,0
ACT-0159,context_only,IC50,10.0,=,8.000000000,=,CHEM-279383116e919adf,CHEMBL661125|IC50,distinct assay context; no pooling with declared historical modeling endpoint,CHEMBL409690,NS(=O)(=O)c1ccc(N/N=C2\C(=O)Nc3ccc(O)cc32)cc1,O=C1Nc2ccccc2/C1=N/Nc1ccccc1,1159240,CHEMBL1134300,2001,10,nM,=,public_measurement_reformatted,0
ACT-0160,context_only,IC50,15.0,=,7.823908741,=,CHEM-742857aabbeb3729,CHEMBL661125|IC50,distinct assay context; no pooling with declared historical modeling endpoint,CHEMBL412091,NS(=O)(=O)c1ccc(N/N=C2\C(=O)Nc3ccc(S(=O)(=O)O)cc32)cc1,O=C1Nc2ccccc2/C1=N/Nc1ccccc1,1159242,CHEMBL1134300,2001,15,nM,=,public_measurement_reformatted,0
ACT-0161,context_only,IC50,61.0,=,7.214670165,=,CHEM-f77be0451804861b,CHEMBL661125|IC50,distinct assay context; no pooling with declared historical modeling endpoint,CHEMBL410293,NS(=O)(=O)c1ccc(N/C=C2\C(=O)Nc3cc(CO)ccc32)cc1,O=C1Nc2ccccc2/C1=C/Nc1ccccc1,1159244,CHEMBL1134300,2001,0.061,uM,=,public_measurement_reformatted,0
ACT-0162,context_only,IC50,5.6,=,8.251811973,=,CHEM-fafd8f283185b474,CHEMBL661125|IC50,distinct assay context; no pooling with declared historical modeling endpoint,CHEMBL1964245,CNS(=O)(=O)c1ccc(N/C=C2\C(=O)Nc3ccc4ncsc4c32)cc1,O=C1Nc2ccc3ncsc3c2/C1=C/Nc1ccccc1,1159246,CHEMBL1134300,2001,5.6,nM,=,public_measurement_reformatted,0
ACT-0163,context_only,IC50,5.7,=,8.244125144,=,CHEM-2fc06a43473ea62a,CHEMBL661125|IC50,distinct assay context; no pooling with declared historical modeling endpoint,CHEMBL1964260,CS(=O)(=O)c1ccc(N/C=C2\C(=O)Nc3ccc4ncsc4c32)cc1,O=C1Nc2ccc3ncsc3c2/C1=C/Nc1ccccc1,1159254,CHEMBL1134300,2001,5.7,nM,=,public_measurement_reformatted,0
ACT-0164,context_only,IC50,13.0,=,7.886056648,=,CHEM-bea1c163fe12b152,CHEMBL661125|IC50,distinct assay context; no pooling with declared historical modeling endpoint,CHEMBL1964258,O=C1Nc2ccc3ncsc3c2/C1=C/Nc1ccc(CS(=O)(=O)NCCO)cc1,O=C1Nc2ccc3ncsc3c2/C1=C/Nc1ccccc1,1159262,CHEMBL1134300,2001,13,nM,=,public_measurement_reformatted,0
ACT-0165,context_only,IC50,8.9,=,8.050609993,=,CHEM-3bc614fe691855c3,CHEMBL661125|IC50,distinct assay context; no pooling with declared historical modeling endpoint,CHEMBL408210,CCOC(=O)c1cccc2c1/C(=C/Nc1ccc(S(N)(=O)=O)cc1)C(=O)N2,O=C1Nc2ccccc2/C1=C/Nc1ccccc1,1160477,CHEMBL1134300,2001,8.9,nM,=,public_measurement_reformatted,0
ACT-0166,context_only,IC50,1.6,=,8.795880017,=,CHEM-3a7efe0cec45f167,CHEMBL661125|IC50,distinct assay context; no pooling with declared historical modeling endpoint,CHEMBL409892,NS(=O)(=O)c1ccc(N/N=C2\C(=O)Nc3ccc4ncccc4c32)cc1,O=C1Nc2ccc3ncccc3c2/C1=N/Nc1ccccc1,1160479,CHEMBL1134300,2001,1.6,nM,=,public_measurement_reformatted,0
ACT-0167,context_only,IC50,0.54,=,9.267606240,=,CHEM-5a7c9ddbbcbc149d,CHEMBL661125|IC50,distinct assay context; no pooling with declared historical modeling endpoint,CHEMBL1964259,O=C1Nc2ccc3ncsc3c2/C1=C/Nc1ccc(S(=O)(=O)NCCOCCO)cc1,O=C1Nc2ccc3ncsc3c2/C1=C/Nc1ccccc1,1160487,CHEMBL1134300,2001,0.54,nM,=,public_measurement_reformatted,0
ACT-0168,context_only,IC50,16.0,=,7.795880017,=,CHEM-582dea541b558e9c,CHEMBL661125|IC50,distinct assay context; no pooling with declared historical modeling endpoint,CHEMBL272389,CS(=O)(=O)c1ccc2c(c1)/C(=N/Nc1ccc(S(N)(=O)=O)cc1)C(=O)N2,O=C1Nc2ccccc2/C1=N/Nc1ccccc1,1161892,CHEMBL1134300,2001,0.016,uM,=,public_measurement_reformatted,0
ACT-0169,context_only,IC50,75.0,=,7.124938737,=,CHEM-5b90d2faff078e80,CHEMBL661125|IC50,distinct assay context; no pooling with declared historical modeling endpoint,CHEMBL271594,CC(C)c1ccc2c(c1)NC(=O)/C2=N/Nc1ccc(S(N)(=O)=O)cc1,O=C1Nc2ccccc2/C1=N\Nc1ccccc1,1161894,CHEMBL1134300,2001,7.5e-08,M,=,public_measurement_reformatted,0
ACT-0170,context_only,IC50,8.9,=,8.050609993,=,CHEM-aa38d4a820e753d8,CHEMBL661125|IC50,distinct assay context; no pooling with declared historical modeling endpoint,CHEMBL1234087,O=C1Nc2ccc(-c3cnco3)cc2/C1=C/Nc1ccc2c(c1)CS(=O)(=O)C2,O=C1Nc2ccc(-c3cnco3)cc2/C1=C/Nc1ccc2c(c1)CS(=O)(=O)C2,1163394,CHEMBL1134300,2001,8.9,nM,=,public_measurement_reformatted,0
ACT-0171,context_only,IC50,21.0,=,7.677780705,=,CHEM-4f768d320e8ff90f,CHEMBL661125|IC50,distinct assay context; no pooling with declared historical modeling endpoint,CHEMBL1794054,NS(=O)(=O)c1ccc(N/N=C2\C(=O)Nc3cccc(CCc4ccncc4)c32)cc1,O=C1Nc2cccc(CCc3ccncc3)c2/C1=N/Nc1ccccc1,1164791,CHEMBL1134300,2001,21,nM,=,public_measurement_reformatted,0
ACT-0172,context_only,IC50,1000.0,=,6.000000000,=,CHEM-da3b661d87d651bb,CHEMBL661125|IC50,distinct assay context; no pooling with declared historical modeling endpoint,CHEMBL1234088,O=C1Nc2ccccc2/C1=C/Nc1ccc(S(=O)(=O)Nc2nccs2)cc1,O=C1Nc2ccccc2/C1=C/Nc1ccc(S(=O)(=O)Nc2nccs2)cc1,1164793,CHEMBL1134300,2001,1000,nM,=,public_measurement_reformatted,0
ACT-0173,context_only,IC50,22.0,=,7.657577319,=,CHEM-88300313ed71bacf,CHEMBL661125|IC50,distinct assay context; no pooling with declared historical modeling endpoint,CHEMBL412097,C/C(Nc1ccc(S(N)(=O)=O)cc1)=C1/C(=O)Nc2ccc(Cl)cc21,O=C1Nc2ccccc2C1=CNc1ccccc1,1166069,CHEMBL1134300,2001,22,nM,=,public_measurement_reformatted,0
ACT-0174,context_only,IC50,74.0,=,7.130768280,=,CHEM-24a3a44d8baedb2b,CHEMBL661125|IC50,distinct assay context; no pooling with declared historical modeling endpoint,CHEMBL271842,Nc1ccc2c(c1)/C(=N/Nc1ccc(S(N)(=O)=O)cc1)C(=O)N2,O=C1Nc2ccccc2/C1=N/Nc1ccccc1,1166071,CHEMBL1134300,2001,74,nM,=,public_measurement_reformatted,0
ACT-0175,context_only,IC50,7.9,=,8.102372909,=,CHEM-70f97a5cbc2fe2ba,CHEMBL661125|IC50,distinct assay context; no pooling with declared historical modeling endpoint,CHEMBL411425,CCc1cccc2c1/C(=N/Nc1ccc(S(N)(=O)=O)cc1)C(=O)N2,O=C1Nc2ccccc2/C1=N/Nc1ccccc1,1167445,CHEMBL1134300,2001,0.0079,uM,=,public_measurement_reformatted,0
ACT-0176,context_only,IC50,10000.0,>,5.000000000,<,CHEM-8209f18582630a32,CHEMBL661125|IC50,"distinct assay context; no pooling with declared historical modeling endpoint; censored concentration; log threshold retained with reversed inequality, not exact training label",CHEMBL269846,Cc1cc(C)c2c(c1)/C(=C/Nc1ccc(S(N)(=O)=O)cc1)C(=O)N2,O=C1Nc2ccccc2/C1=C/Nc1ccccc1,1167447,CHEMBL1134300,2001,10000,nM,>,public_measurement_reformatted,0
ACT-0177,context_only,IC50,26.0,=,7.585026652,=,CHEM-9f706e66a2aaa6f8,CHEMBL661125|IC50,distinct assay context; no pooling with declared historical modeling endpoint,CHEMBL1964256,CNS(=O)(=O)Cc1ccc(N/C=C2\C(=O)Nc3ccc4ncsc4c32)cc1,O=C1Nc2ccc3ncsc3c2/C1=C/Nc1ccccc1,1167449,CHEMBL1134300,2001,26,nM,=,public_measurement_reformatted,0
ACT-0178,context_only,IC50,2.3,=,8.638272164,=,CHEM-8953f006f266936c,CHEMBL661125|IC50,distinct assay context; no pooling with declared historical modeling endpoint,CHEMBL269827,NS(=O)(=O)c1ccc(N/N=C2\C(=O)Nc3ccc(-c4cnco4)cc32)cc1,O=C1Nc2ccc(-c3cnco3)cc2/C1=N/Nc1ccccc1,1168728,CHEMBL1134300,2001,2.3,nM,=,public_measurement_reformatted,0
ACT-0179,context_only,IC50,1000.0,>,6.000000000,<,CHEM-bf03410da6f87ebb,CHEMBL661125|IC50,"distinct assay context; no pooling with declared historical modeling endpoint; censored concentration; log threshold retained with reversed inequality, not exact training label",CHEMBL271778,NC(=O)c1cccc2c1/C(=N/Nc1ccc(S(N)(=O)=O)cc1)C(=O)N2,O=C1Nc2ccccc2/C1=N/Nc1ccccc1,1168730,CHEMBL1134300,2001,1000,nM,>,public_measurement_reformatted,0
ACT-0180,context_only,IC50,12.0,=,7.920818754,=,CHEM-c840f8be126e13ad,CHEMBL661125|IC50,distinct assay context; no pooling with declared historical modeling endpoint,CHEMBL260103,COc1ccc2c(c1)/C(=N/Nc1ccc(S(N)(=O)=O)cc1)C(=O)N2,O=C1Nc2ccccc2/C1=N/Nc1ccccc1,1168732,CHEMBL1134300,2001,12,nM,=,public_measurement_reformatted,0
ACT-0181,context_only,IC50,9.5,=,8.022276395,=,CHEM-414dfd526f599831,CHEMBL661125|IC50,distinct assay context; no pooling with declared historical modeling endpoint,CHEMBL271952,NS(=O)(=O)c1ccc(N/N=C2\C(=O)Nc3ccc4[nH]nnc4c32)cc1,O=C1Nc2ccc3[nH]nnc3c2/C1=N/Nc1ccccc1,1168734,CHEMBL1134300,2001,9.5,nM,=,public_measurement_reformatted,0
ACT-0182,context_only,IC50,2.5,=,8.602059991,=,CHEM-af264e6e37b31ca8,CHEMBL661125|IC50,distinct assay context; no pooling with declared historical modeling endpoint,CHEMBL411426,CC(C)c1cccc2c1/C(=N/Nc1ccc(S(N)(=O)=O)cc1)C(=O)N2,O=C1Nc2ccccc2/C1=N/Nc1ccccc1,1170042,CHEMBL1134300,2001,0.0025,uM,=,public_measurement_reformatted,0
ACT-0183,context_only,IC50,19.0,=,7.721246399,=,CHEM-b2a925bad11bc29e,CHEMBL661125|IC50,distinct assay context; no pooling with declared historical modeling endpoint,CHEMBL272684,NS(=O)(=O)c1ccc(N/N=C2\C(=O)Nc3cccc(-c4cc[nH]n4)c32)cc1,O=C1Nc2cccc(-c3cc[nH]n3)c2/C1=N/Nc1ccccc1,1170050,CHEMBL1134300,2001,19,nM,=,public_measurement_reformatted,0
ACT-0184,context_only,IC50,10000.0,>,5.000000000,<,CHEM-d6929b51a6544ebb,CHEMBL661125|IC50,"distinct assay context; no pooling with declared historical modeling endpoint; censored concentration; log threshold retained with reversed inequality, not exact training label",CHEMBL408131,Cc1cccc2c1NC(=O)/C2=C\Nc1ccc(S(N)(=O)=O)cc1,O=C1Nc2ccccc2/C1=C/Nc1ccccc1,1170052,CHEMBL1134300,2001,10000,nM,>,public_measurement_reformatted,0
ACT-0185,context_only,IC50,2.2,=,8.657577319,=,CHEM-a995fab5e2a4a18d,CHEMBL661125|IC50,distinct assay context; no pooling with declared historical modeling endpoint,CHEMBL269882,NS(=O)(=O)c1ccc(N/N=C2\C(=O)Nc3ccc4[nH]nc(Cl)c4c32)cc1,O=C1Nc2ccc3[nH]ncc3c2/C1=N/Nc1ccccc1,1170054,CHEMBL1134300,2001,2.2,nM,=,public_measurement_reformatted,0
ACT-0186,context_only,IC50,310.0,=,6.508638306,=,CHEM-23a497d937473f90,CHEMBL661125|IC50,distinct assay context; no pooling with declared historical modeling endpoint,CHEMBL272414,CN(C)c1ccc2c(c1)/C(=C/Nc1ccc(S(N)(=O)=O)cc1)C(=O)N2,O=C1Nc2ccccc2/C1=C/Nc1ccccc1,1171206,CHEMBL1134300,2001,310,nM,=,public_measurement_reformatted,0
ACT-0187,context_only,IC50,660.0,=,6.180456064,=,CHEM-13d12c5c756d094e,CHEMBL661125|IC50,distinct assay context; no pooling with declared historical modeling endpoint,CHEMBL1234089,N=C(N)NS(=O)(=O)c1ccc(N/C=C2\C(=O)Nc3ccccc32)cc1,O=C1Nc2ccccc2/C1=C/Nc1ccccc1,1171208,CHEMBL1134300,2001,660,nM,=,public_measurement_reformatted,0
ACT-0188,context_only,IC50,11.0,=,7.958607315,=,CHEM-13aed70ce7d4870b,CHEMBL661125|IC50,distinct assay context; no pooling with declared historical modeling endpoint,CHEMBL273060,NS(=O)(=O)c1ccc(N/N=C2\C(=O)Nc3ccc(I)cc32)cc1,O=C1Nc2ccccc2/C1=N/Nc1ccccc1,1172510,CHEMBL1134300,2001,11,nM,=,public_measurement_reformatted,0
ACT-0189,context_only,IC50,12.0,=,7.920818754,=,CHEM-81dedebb30983194,CHEMBL661125|IC50,distinct assay context; no pooling with declared historical modeling endpoint,CHEMBL272028,NS(=O)(=O)c1ccc(N/N=C2\C(=O)Nc3ccc(C(=O)NCCc4c[nH]cn4)cc32)cc1,O=C1Nc2ccc(C(=O)NCCc3c[nH]cn3)cc2/C1=N/Nc1ccccc1,1172512,CHEMBL1134300,2001,0.012,uM,=,public_measurement_reformatted,0
ACT-0190,context_only,IC50,2.8,=,8.552841969,=,CHEM-ee25c964b8ede4d5,CHEMBL661125|IC50,distinct assay context; no pooling with declared historical modeling endpoint,CHEMBL1794055,NS(=O)(=O)c1ccc(NC=C2C(=O)Nc3ccc4ncsc4c32)cc1,O=C1Nc2ccc3ncsc3c2C1=CNc1ccccc1,1172514,CHEMBL1134300,2001,2.8,nM,=,public_measurement_reformatted,0
ACT-0191,context_only,IC50,50.0,=,7.301029996,=,CHEM-7387abbb954ae454,CHEMBL661125|IC50,distinct assay context; no pooling with declared historical modeling endpoint,CHEMBL235849,CS(=O)(=O)Cc1ccc(N/C=C2\C(=O)Nc3ccc4ncsc4c32)cc1,O=C1Nc2ccc3ncsc3c2/C1=C/Nc1ccccc1,1172516,CHEMBL1134300,2001,50,nM,=,public_measurement_reformatted,0
ACT-0192,context_only,IC50,10000.0,>,5.000000000,<,CHEM-7b672343589db7a9,CHEMBL661125|IC50,"distinct assay context; no pooling with declared historical modeling endpoint; censored concentration; log threshold retained with reversed inequality, not exact training label",CHEMBL271777,CC(C)(C)c1ccc2c(c1)NC(=O)/C2=N\Nc1ccc(S(N)(=O)=O)cc1,O=C1Nc2ccccc2/C1=N/Nc1ccccc1,1173813,CHEMBL1134300,2001,10000,nM,>,public_measurement_reformatted,0
ACT-0193,context_only,IC50,4.7,=,8.327902142,=,CHEM-97b8c0c0d2c1db1e,CHEMBL661125|IC50,distinct assay context; no pooling with declared historical modeling endpoint,CHEMBL1964246,O=C1Nc2ccc3ncsc3c2/C1=C/Nc1ccc(S(=O)(=O)NCCO)cc1,O=C1Nc2ccc3ncsc3c2/C1=C/Nc1ccccc1,1173815,CHEMBL1134300,2001,4.7,nM,=,public_measurement_reformatted,0
ACT-0194,context_only,IC50,281.0,=,6.551293680,=,CHEM-4663afee4e66499f,CHEMBL661125|IC50,distinct assay context; no pooling with declared historical modeling endpoint,CHEMBL1964252,Cc1cccc(C)c1NS(=O)(=O)c1ccc(N/C=C2\C(=O)Nc3ccc4ncsc4c32)cc1,O=C1Nc2ccc3ncsc3c2/C1=C/Nc1ccc(S(=O)(=O)Nc2ccccc2)cc1,1173817,CHEMBL1134300,2001,281,nM,=,public_measurement_reformatted,0
ACT-0195,context_only,IC50,7.499999999999999,=,8.124938737,=,CHEM-37a1394ee82268f5,CHEMBL661125|IC50,distinct assay context; no pooling with declared historical modeling endpoint,CHEMBL1964257,NS(=O)(=O)Cc1ccc(N/C=C2\C(=O)Nc3ccc4ncsc4c32)cc1,O=C1Nc2ccc3ncsc3c2/C1=C/Nc1ccccc1,1173819,CHEMBL1134300,2001,7.5e-09,M,=,public_measurement_reformatted,0
ACT-0196,context_only,IC50,60.0,=,7.221848750,=,CHEM-e517d008ad8fd22c,CHEMBL661125|IC50,distinct assay context; no pooling with declared historical modeling endpoint,CHEMBL411491,NS(=O)(=O)c1ccc(N/N=C2\C(=O)Nc3ccc(Br)cc32)cc1,O=C1Nc2ccccc2/C1=N/Nc1ccccc1,1175158,CHEMBL1134300,2001,0.06,uM,=,public_measurement_reformatted,0
ACT-0197,context_only,IC50,1.2,=,8.920818754,=,CHEM-02c667a2931b9d77,CHEMBL661125|IC50,distinct assay context; no pooling with declared historical modeling endpoint,CHEMBL411224,CC(C)Cc1cccc2c1/C(=N/Nc1ccc(S(N)(=O)=O)cc1)C(=O)N2,O=C1Nc2ccccc2/C1=N/Nc1ccccc1,1175160,CHEMBL1134300,2001,1.2,nM,=,public_measurement_reformatted,0
ACT-0198,context_only,IC50,34.0,=,7.468521083,=,CHEM-bf25037cbfda0193,CHEMBL661125|IC50,distinct assay context; no pooling with declared historical modeling endpoint,CHEMBL273061,NS(=O)(=O)c1ccc(N/N=C2\C(=O)Nc3ccc(F)cc32)cc1,O=C1Nc2ccccc2/C1=N/Nc1ccccc1,1175162,CHEMBL1134300,2001,34,nM,=,public_measurement_reformatted,0
ACT-0199,context_only,IC50,43.0,=,7.366531544,=,CHEM-b27b8ca1da45e538,CHEMBL661125|IC50,distinct assay context; no pooling with declared historical modeling endpoint,CHEMBL272387,NS(=O)(=O)c1ccc(N/N=C2\C(=O)Nc3ccc(S(N)(=O)=O)cc32)cc1,O=C1Nc2ccccc2/C1=N/Nc1ccccc1,1175164,CHEMBL1134300,2001,43,nM,=,public_measurement_reformatted,0
ACT-0200,context_only,IC50,2.1,=,8.677780705,=,CHEM-f9abf716d244cb49,CHEMBL661125|IC50,distinct assay context; no pooling with declared historical modeling endpoint,CHEMBL409731,COC(=O)c1ccc2c(c1)/C(=C/Nc1ccc(S(N)(=O)=O)cc1)C(=O)N2,O=C1Nc2ccccc2/C1=C/Nc1ccccc1,1175166,CHEMBL1134300,2001,2.1,nM,=,public_measurement_reformatted,0
ACT-0201,context_only,IC50,5.6,=,8.251811973,=,CHEM-175c932e18408d33,CHEMBL661125|IC50,distinct assay context; no pooling with declared historical modeling endpoint,CHEMBL1964253,CN(c1ccccn1)S(=O)(=O)c1ccc(N/C=C2\C(=O)Nc3ccc4ncsc4c32)cc1,O=C1Nc2ccc3ncsc3c2/C1=C/Nc1ccc(S(=O)(=O)Nc2ccccn2)cc1,1175168,CHEMBL1134300,2001,5.6,nM,=,public_measurement_reformatted,0
ACT-0202,context_only,IC50,75.0,=,7.124938737,=,CHEM-4c2293d7beb75d27,CHEMBL661125|IC50,distinct assay context; no pooling with declared historical modeling endpoint,CHEMBL1964243,CC(=O)NS(=O)(=O)c1ccc(N/C=C2\C(=O)Nc3ccc4ncsc4c32)cc1,O=C1Nc2ccc3ncsc3c2/C1=C/Nc1ccccc1,1175170,CHEMBL1134300,2001,75,nM,=,public_measurement_reformatted,0
ACT-0203,context_only,IC50,1.5,=,8.823908741,=,CHEM-aab01142c2592fa7,CHEMBL661125|IC50,distinct assay context; no pooling with declared historical modeling endpoint,CHEMBL270544,CC(C)=Cc1cccc2c1/C(=N/Nc1ccc(S(N)(=O)=O)cc1)C(=O)N2,O=C1Nc2ccccc2/C1=N/Nc1ccccc1,1176438,CHEMBL1134300,2001,0.0015,uM,=,public_measurement_reformatted,0
ACT-0204,context_only,IC50,3.0,=,8.522878745,=,CHEM-a26bddac0711ee12,CHEMBL661125|IC50,distinct assay context; no pooling with declared historical modeling endpoint,CHEMBL269883,CC(C)COC(=O)c1ccc2c(c1)/C(=C/Nc1ccc(S(N)(=O)=O)cc1)C(=O)N2,O=C1Nc2ccccc2/C1=C/Nc1ccccc1,1176440,CHEMBL1134300,2001,3,nM,=,public_measurement_reformatted,0
ACT-0205,context_only,IC50,10000.0,>,5.000000000,<,CHEM-e69d5d46ec288b4d,CHEMBL661125|IC50,"distinct assay context; no pooling with declared historical modeling endpoint; censored concentration; log threshold retained with reversed inequality, not exact training label",CHEMBL410517,Cc1cc(Cl)cc2c1NC(=O)/C2=C\Nc1ccc(S(N)(=O)=O)cc1,O=C1Nc2ccccc2/C1=C/Nc1ccccc1,1176448,CHEMBL1134300,2001,10000,nM,>,public_measurement_reformatted,0
ACT-0206,context_only,IC50,14.0,=,7.853871964,=,CHEM-5e2111bc6e3c9223,CHEMBL661125|IC50,distinct assay context; no pooling with declared historical modeling endpoint,CHEMBL391229,O=C1Nc2ccc3ncsc3c2/C1=C/Nc1ccc2c(c1)CS(=O)(=O)C2,O=C1Nc2ccc3ncsc3c2/C1=C/Nc1ccc2c(c1)CS(=O)(=O)C2,1176450,CHEMBL1134300,2001,14,nM,=,public_measurement_reformatted,0
ACT-0207,context_only,IC50,360.0,=,6.443697499,=,CHEM-6e5a12bc26b94eb7,CHEMBL661125|IC50,distinct assay context; no pooling with declared historical modeling endpoint,CHEMBL405042,C/C(Nc1ccc(S(N)(=O)=O)cc1)=C1/C(=O)Nc2ccccc21,O=C1Nc2ccccc2C1=CNc1ccccc1,1177754,CHEMBL1134300,2001,360,nM,=,public_measurement_reformatted,0
ACT-0208,context_only,IC50,14.999999999999998,=,7.823908741,=,CHEM-dcf8130e6f3443f0,CHEMBL661125|IC50,distinct assay context; no pooling with declared historical modeling endpoint,CHEMBL411886,NS(=O)(=O)c1ccc(N/N=C2\C(=O)Nc3ccc([N+](=O)[O-])cc32)cc1,O=C1Nc2ccccc2/C1=N/Nc1ccccc1,1177756,CHEMBL1134300,2001,1.5e-08,M,=,public_measurement_reformatted,0
ACT-0209,context_only,IC50,54.0,=,7.267606240,=,CHEM-c686f612138bfb3b,CHEMBL661125|IC50,distinct assay context; no pooling with declared historical modeling endpoint,CHEMBL271822,COc1ccc2c(c1Cl)/C(=N/Nc1ccc(S(N)(=O)=O)cc1)C(=O)N2,O=C1Nc2ccccc2/C1=N/Nc1ccccc1,1177758,CHEMBL1134300,2001,54,nM,=,public_measurement_reformatted,0
ACT-0210,context_only,IC50,28.0,=,7.552841969,=,CHEM-c98abe9c77cf082d,CHEMBL661125|IC50,distinct assay context; no pooling with declared historical modeling endpoint,CHEMBL272668,NS(=O)(=O)c1ccc(N/C=C2\C(=O)Nc3ccc(C(=O)O)cc32)cc1,O=C1Nc2ccccc2/C1=C/Nc1ccccc1,1178972,CHEMBL1134300,2001,0.028,uM,=,public_measurement_reformatted,0
ACT-0211,context_only,IC50,2.0,=,8.698970004,=,CHEM-899ad6a3f2d2d7c9,CHEMBL661125|IC50,distinct assay context; no pooling with declared historical modeling endpoint,CHEMBL411887,C/C(Nc1ccc(S(N)(=O)=O)cc1)=C1/C(=O)Nc2ccc(-c3cnco3)cc21,O=C1Nc2ccc(-c3cnco3)cc2C1=CNc1ccccc1,1180348,CHEMBL1134300,2001,2,nM,=,public_measurement_reformatted,0
ACT-0212,context_only,IC50,4.5,=,8.346787486,=,CHEM-3cd3e99be0e90843,CHEMBL661125|IC50,distinct assay context; no pooling with declared historical modeling endpoint,CHEMBL410883,NC(=O)c1ccc2c(c1)/C(=N/Nc1ccc(S(N)(=O)=O)cc1)C(=O)N2,O=C1Nc2ccccc2/C1=N/Nc1ccccc1,1180350,CHEMBL1134300,2001,4.5,nM,=,public_measurement_reformatted,0
ACT-0213,context_only,IC50,7.1,=,8.148741651,=,CHEM-9e2c531c1dfd9100,CHEMBL661125|IC50,distinct assay context; no pooling with declared historical modeling endpoint,CHEMBL407709,NS(=O)(=O)c1ccc(N/N=C2\C(=O)Nc3ccc4ncsc4c32)cc1,O=C1Nc2ccc3ncsc3c2/C1=N/Nc1ccccc1,1180352,CHEMBL1134300,2001,7.1,nM,=,public_measurement_reformatted,0
ACT-0214,context_only,IC50,10000.0,>,5.000000000,<,CHEM-28a9da6bf738fde2,CHEMBL661125|IC50,"distinct assay context; no pooling with declared historical modeling endpoint; censored concentration; log threshold retained with reversed inequality, not exact training label",CHEMBL272885,NS(=O)(=O)c1ccc(N/N=C2\C(=O)Nc3cc(Oc4ccccc4)ccc32)cc1,O=C1Nc2cc(Oc3ccccc3)ccc2/C1=N/Nc1ccccc1,1181715,CHEMBL1134300,2001,10000,nM,>,public_measurement_reformatted,0
ACT-0215,context_only,IC50,13.0,=,7.886056648,=,CHEM-1143aba8ed030f65,CHEMBL661125|IC50,distinct assay context; no pooling with declared historical modeling endpoint,CHEMBL411490,Cc1ccc2c(c1Cl)/C(=N/Nc1ccc(S(N)(=O)=O)cc1)C(=O)N2,O=C1Nc2ccccc2/C1=N/Nc1ccccc1,1181717,CHEMBL1134300,2001,13,nM,=,public_measurement_reformatted,0
ACT-0216,context_only,IC50,3.3,=,8.481486060,=,CHEM-a823d242e3c808b2,CHEMBL661125|IC50,distinct assay context; no pooling with declared historical modeling endpoint,CHEMBL1964255,N=C(N)NS(=O)(=O)c1ccc(N/C=C2\C(=O)Nc3ccc4ncsc4c32)cc1,O=C1Nc2ccc3ncsc3c2/C1=C/Nc1ccccc1,1181719,CHEMBL1134300,2001,3.3,nM,=,public_measurement_reformatted,0
ACT-0217,context_only,IC50,93.0,=,7.031517051,=,CHEM-e0e0df07c28f212f,CHEMBL661125|IC50,distinct assay context; no pooling with declared historical modeling endpoint,CHEMBL411696,CCOc1cccc2c1/C(=N/Nc1ccc(S(N)(=O)=O)cc1)C(=O)N2,O=C1Nc2ccccc2/C1=N/Nc1ccccc1,1183032,CHEMBL1134300,2001,0.093,uM,=,public_measurement_reformatted,0
ACT-0218,context_only,IC50,3.4,=,8.468521083,=,CHEM-d138900fd3bdb03f,CHEMBL661125|IC50,distinct assay context; no pooling with declared historical modeling endpoint,CHEMBL271160,CC(C)Oc1cccc2c1/C(=N/Nc1ccc(S(N)(=O)=O)cc1)C(=O)N2,O=C1Nc2ccccc2/C1=N/Nc1ccccc1,1183034,CHEMBL1134300,2001,3.4,nM,=,public_measurement_reformatted,0
ACT-0219,context_only,IC50,6.8,=,8.167491087,=,CHEM-2c68ed189edd65c4,CHEMBL661125|IC50,distinct assay context; no pooling with declared historical modeling endpoint,CHEMBL410072,CC(C)(CO)CNC(=O)c1ccc2c(c1)/C(=N/Nc1ccc(S(N)(=O)=O)cc1)C(=O)N2,O=C1Nc2ccccc2/C1=N/Nc1ccccc1,1183036,CHEMBL1134300,2001,6.8,nM,=,public_measurement_reformatted,0
ACT-0220,context_only,IC50,4.5,=,8.346787486,=,CHEM-2d43089287ed193e,CHEMBL661125|IC50,distinct assay context; no pooling with declared historical modeling endpoint,CHEMBL1964250,COCCOCCOCCOCCNS(=O)(=O)c1ccc(N/C=C2\C(=O)Nc3ccc4ncsc4c32)cc1,O=C1Nc2ccc3ncsc3c2/C1=C/Nc1ccccc1,1183038,CHEMBL1134300,2001,4.5,nM,=,public_measurement_reformatted,0
ACT-0221,context_only,IC50,15000.0,>,4.823908741,<,CHEM-035af3be443ddb6d,CHEMBL3705366|IC50,"distinct assay context; no pooling with declared historical modeling endpoint; censored concentration; log threshold retained with reversed inequality, not exact training label",CHEMBL3654234,CN(C)C(=O)c1cc2cnc(Nc3ccccn3)nc2n1C1CCCC1,c1ccc(Nc2ncc3ccn(C4CCCC4)c3n2)nc1,17669017,CHEMBL3638874,2015,1.5e-05,M,>,public_measurement_reformatted,0
ACT-0222,context_only,IC50,15000.0,>,4.823908741,<,CHEM-a83ba8a661a6bbff,CHEMBL3705366|IC50,"distinct assay context; no pooling with declared historical modeling endpoint; censored concentration; log threshold retained with reversed inequality, not exact training label",CHEMBL3545110,CN(C)C(=O)c1cc2cnc(Nc3ccc(N4CCNCC4)cn3)nc2n1C1CCCC1,c1cc(Nc2ncc3ccn(C4CCCC4)c3n2)ncc1N1CCNCC1,17669018,CHEMBL3638874,2015,15000,nM,>,public_measurement_reformatted,0
ACT-0223,context_only,IC50,15000.0,>,4.823908741,<,CHEM-a2426c003414b281,CHEMBL3705366|IC50,"distinct assay context; no pooling with declared historical modeling endpoint; censored concentration; log threshold retained with reversed inequality, not exact training label",CHEMBL3658063,CCN1CCN(c2ccc(Nc3ncc4cc(C(=O)N(C)C)n(C5CCCC5)c4n3)nc2)CC1,c1cc(Nc2ncc3ccn(C4CCCC4)c3n2)ncc1N1CCNCC1,17669019,CHEMBL3638874,2015,15000,nM,>,public_measurement_reformatted,0
ACT-0224,context_only,IC50,15000.0,>,4.823908741,<,CHEM-ab5622f8a2fe8077,CHEMBL3705366|IC50,"distinct assay context; no pooling with declared historical modeling endpoint; censored concentration; log threshold retained with reversed inequality, not exact training label",CHEMBL3658071,CN(C)C(=O)c1cc2cnc(Nc3ccc(N4CCN(CCF)CC4)cn3)nc2n1C1CCCC1,c1cc(Nc2ncc3ccn(C4CCCC4)c3n2)ncc1N1CCNCC1,17669020,CHEMBL3638874,2015,15,uM,>,public_measurement_reformatted,0
ACT-0225,context_only,IC50,15000.0,>,4.823908741,<,CHEM-568895023793d800,CHEMBL3705366|IC50,"distinct assay context; no pooling with declared historical modeling endpoint; censored concentration; log threshold retained with reversed inequality, not exact training label",CHEMBL3654258,CN(C)C(=O)c1cc2cnc(Nc3ccc(N4CCN(CCO)CC4)cn3)nc2n1C1CCCC1,c1cc(Nc2ncc3ccn(C4CCCC4)c3n2)ncc1N1CCNCC1,17669021,CHEMBL3638874,2015,15000,nM,>,public_measurement_reformatted,0
ACT-0226,context_only,IC50,15000.0,>,4.823908741,<,CHEM-4f6039c37c94cc6c,CHEMBL3705366|IC50,"distinct assay context; no pooling with declared historical modeling endpoint; censored concentration; log threshold retained with reversed inequality, not exact training label",CHEMBL3654246,COCCN1CCN(c2ccc(Nc3ncc4cc(C(=O)N(C)C)n(C5CCCC5)c4n3)nc2)CC1,c1cc(Nc2ncc3ccn(C4CCCC4)c3n2)ncc1N1CCNCC1,17669022,CHEMBL3638874,2015,15000,nM,>,public_measurement_reformatted,0
ACT-0227,context_only,IC50,15000.0,>,4.823908741,<,CHEM-368757c32a4ae57a,CHEMBL3705366|IC50,"distinct assay context; no pooling with declared historical modeling endpoint; censored concentration; log threshold retained with reversed inequality, not exact training label",CHEMBL3658078,CC(C)OCCN1CCN(c2ccc(Nc3ncc4cc(C(=O)N(C)C)n(C5CCCC5)c4n3)nc2)CC1,c1cc(Nc2ncc3ccn(C4CCCC4)c3n2)ncc1N1CCNCC1,17669023,CHEMBL3638874,2015,15000,nM,>,public_measurement_reformatted,0
ACT-0228,context_only,IC50,15000.0,>,4.823908741,<,CHEM-c03ca2f4e713e040,CHEMBL3705366|IC50,"distinct assay context; no pooling with declared historical modeling endpoint; censored concentration; log threshold retained with reversed inequality, not exact training label",CHEMBL3658021,CN(C)C(=O)c1cc2cnc(Nc3ccc(N4CCN(CCOCCO)CC4)cn3)nc2n1C1CCCC1,c1cc(Nc2ncc3ccn(C4CCCC4)c3n2)ncc1N1CCNCC1,17669024,CHEMBL3638874,2015,15000,nM,>,public_measurement_reformatted,0
ACT-0229,context_only,IC50,15000.0,>,4.823908741,<,CHEM-32f3b44f1e33dab6,CHEMBL3705366|IC50,"distinct assay context; no pooling with declared historical modeling endpoint; censored concentration; log threshold retained with reversed inequality, not exact training label",CHEMBL3658044,C[C@@H](O)CN1CCN(c2ccc(Nc3ncc4cc(C(=O)N(C)C)n(C5CCCC5)c4n3)nc2)CC1,c1cc(Nc2ncc3ccn(C4CCCC4)c3n2)ncc1N1CCNCC1,17669025,CHEMBL3638874,2015,15000,nM,>,public_measurement_reformatted,0
ACT-0230,context_only,IC50,15000.0,>,4.823908741,<,CHEM-4c3651b1d063190a,CHEMBL3705366|IC50,"distinct assay context; no pooling with declared historical modeling endpoint; censored concentration; log threshold retained with reversed inequality, not exact training label",CHEMBL3658043,C[C@H](O)CN1CCN(c2ccc(Nc3ncc4cc(C(=O)N(C)C)n(C5CCCC5)c4n3)nc2)CC1,c1cc(Nc2ncc3ccn(C4CCCC4)c3n2)ncc1N1CCNCC1,17669026,CHEMBL3638874,2015,15000,nM,>,public_measurement_reformatted,0
ACT-0231,context_only,IC50,15000.0,>,4.823908741,<,CHEM-2b8801b6181545fb,CHEMBL3705366|IC50,"distinct assay context; no pooling with declared historical modeling endpoint; censored concentration; log threshold retained with reversed inequality, not exact training label",CHEMBL3658057,CN(C)C(=O)c1cc2cnc(Nc3ccc(N4CCN(CC(C)(C)O)CC4)cn3)nc2n1C1CCCC1,c1cc(Nc2ncc3ccn(C4CCCC4)c3n2)ncc1N1CCNCC1,17669027,CHEMBL3638874,2015,15,uM,>,public_measurement_reformatted,0
ACT-0232,context_only,IC50,15000.0,>,4.823908741,<,CHEM-129f320bea4c764b,CHEMBL3705366|IC50,"distinct assay context; no pooling with declared historical modeling endpoint; censored concentration; log threshold retained with reversed inequality, not exact training label",CHEMBL3654253,CN(C)C(=O)c1cc2cnc(Nc3ccc(N4CCN(CCCO)CC4)cn3)nc2n1C1CCCC1,c1cc(Nc2ncc3ccn(C4CCCC4)c3n2)ncc1N1CCNCC1,17669028,CHEMBL3638874,2015,15000,nM,>,public_measurement_reformatted,0
ACT-0233,context_only,IC50,15000.0,>,4.823908741,<,CHEM-06d37267bd4c070e,CHEMBL3705366|IC50,"distinct assay context; no pooling with declared historical modeling endpoint; censored concentration; log threshold retained with reversed inequality, not exact training label",CHEMBL3658031,CN(C)C(=O)c1cc2cnc(Nc3ccc(N4CCN(CC(O)CO)CC4)cn3)nc2n1C1CCCC1,c1cc(Nc2ncc3ccn(C4CCCC4)c3n2)ncc1N1CCNCC1,17669029,CHEMBL3638874,2015,15000,nM,>,public_measurement_reformatted,0
ACT-0234,context_only,IC50,15000.0,>,4.823908741,<,CHEM-ebf09194a3bde412,CHEMBL3705366|IC50,"distinct assay context; no pooling with declared historical modeling endpoint; censored concentration; log threshold retained with reversed inequality, not exact training label",CHEMBL3658033,CN(C)C(=O)c1cc2cnc(Nc3ccc(N4CCN(C[C@@H](O)CO)CC4)cn3)nc2n1C1CCCC1,c1cc(Nc2ncc3ccn(C4CCCC4)c3n2)ncc1N1CCNCC1,17669030,CHEMBL3638874,2015,1.5e-05,M,>,public_measurement_reformatted,0
ACT-0235,context_only,IC50,15000.0,>,4.823908741,<,CHEM-accfb56d48c11c79,CHEMBL3705366|IC50,"distinct assay context; no pooling with declared historical modeling endpoint; censored concentration; log threshold retained with reversed inequality, not exact training label",CHEMBL3654260,CN(C)C(=O)c1cc2cnc(Nc3ccc(N4CCN(C[C@H](O)CO)CC4)cn3)nc2n1C1CCCC1,c1cc(Nc2ncc3ccn(C4CCCC4)c3n2)ncc1N1CCNCC1,17669031,CHEMBL3638874,2015,15000,nM,>,public_measurement_reformatted,0
ACT-0236,context_only,IC50,15000.0,>,4.823908741,<,CHEM-43737630cc269681,CHEMBL3705366|IC50,"distinct assay context; no pooling with declared historical modeling endpoint; censored concentration; log threshold retained with reversed inequality, not exact training label",CHEMBL3658064,CN(C)C(=O)c1cc2cnc(Nc3ccc(N4CCN(C5CCCC5)CC4)cn3)nc2n1C1CCCC1,c1cc(Nc2ncc3ccn(C4CCCC4)c3n2)ncc1N1CCN(C2CCCC2)CC1,17669032,CHEMBL3638874,2015,15000,nM,>,public_measurement_reformatted,0
ACT-0237,context_only,IC50,15000.0,>,4.823908741,<,CHEM-6d5d7c1ad8ef75d6,CHEMBL3705366|IC50,"distinct assay context; no pooling with declared historical modeling endpoint; censored concentration; log threshold retained with reversed inequality, not exact training label",CHEMBL3658050,CC(C)N1CCN(c2ccc(Nc3ncc4cc(C(=O)N(C)C)n(C5CCCC5)c4n3)nc2)CC1,c1cc(Nc2ncc3ccn(C4CCCC4)c3n2)ncc1N1CCNCC1,17669033,CHEMBL3638874,2015,15000,nM,>,public_measurement_reformatted,0
ACT-0238,context_only,IC50,15000.0,>,4.823908741,<,CHEM-faa45195e31f3207,CHEMBL3705366|IC50,"distinct assay context; no pooling with declared historical modeling endpoint; censored concentration; log threshold retained with reversed inequality, not exact training label",CHEMBL3658024,CC(CO)N1CCN(c2ccc(Nc3ncc4cc(C(=O)N(C)C)n(C5CCCC5)c4n3)nc2)CC1,c1cc(Nc2ncc3ccn(C4CCCC4)c3n2)ncc1N1CCNCC1,17669034,CHEMBL3638874,2015,15,uM,>,public_measurement_reformatted,0
ACT-0239,context_only,IC50,15000.0,>,4.823908741,<,CHEM-4afbe1f113b2b5f0,CHEMBL3705366|IC50,"distinct assay context; no pooling with declared historical modeling endpoint; censored concentration; log threshold retained with reversed inequality, not exact training label",CHEMBL3658082,COC(=O)C(C)N1CCN(c2ccc(Nc3ncc4cc(C(=O)N(C)C)n(C5CCCC5)c4n3)nc2)CC1,c1cc(Nc2ncc3ccn(C4CCCC4)c3n2)ncc1N1CCNCC1,17669035,CHEMBL3638874,2015,15000,nM,>,public_measurement_reformatted,0
ACT-0240,context_only,IC50,15000.0,>,4.823908741,<,CHEM-28150678d692c2f6,CHEMBL3705366|IC50,"distinct assay context; no pooling with declared historical modeling endpoint; censored concentration; log threshold retained with reversed inequality, not exact training label",CHEMBL3658083,CC(C(=O)O)N1CCN(c2ccc(Nc3ncc4cc(C(=O)N(C)C)n(C5CCCC5)c4n3)nc2)CC1,c1cc(Nc2ncc3ccn(C4CCCC4)c3n2)ncc1N1CCNCC1,17669036,CHEMBL3638874,2015,15000,nM,>,public_measurement_reformatted,0
ACT-0241,context_only,IC50,15000.0,>,4.823908741,<,CHEM-4bfd84d66d6ff457,CHEMBL3705366|IC50,"distinct assay context; no pooling with declared historical modeling endpoint; censored concentration; log threshold retained with reversed inequality, not exact training label",CHEMBL3658055,CN(C)C(=O)c1cc2cnc(Nc3ccc(N4CCN(CC5CCCCC5)CC4)cn3)nc2n1C1CCCC1,c1cc(Nc2ncc3ccn(C4CCCC4)c3n2)ncc1N1CCN(CC2CCCCC2)CC1,17669037,CHEMBL3638874,2015,15000,nM,>,public_measurement_reformatted,0
ACT-0242,context_only,IC50,15000.0,>,4.823908741,<,CHEM-63a0f7699cccf67a,CHEMBL3705366|IC50,"distinct assay context; no pooling with declared historical modeling endpoint; censored concentration; log threshold retained with reversed inequality, not exact training label",CHEMBL3658076,CC(C)CN1CCN(c2ccc(Nc3ncc4cc(C(=O)N(C)C)n(C5CCCC5)c4n3)nc2)CC1,c1cc(Nc2ncc3ccn(C4CCCC4)c3n2)ncc1N1CCNCC1,17669038,CHEMBL3638874,2015,15000,nM,>,public_measurement_reformatted,0
ACT-0243,context_only,IC50,15000.0,>,4.823908741,<,CHEM-a98234f457fdcc61,CHEMBL3705366|IC50,"distinct assay context; no pooling with declared historical modeling endpoint; censored concentration; log threshold retained with reversed inequality, not exact training label",CHEMBL3658080,CCC(C)CN1CCN(c2ccc(Nc3ncc4cc(C(=O)N(C)C)n(C5CCCC5)c4n3)nc2)CC1,c1cc(Nc2ncc3ccn(C4CCCC4)c3n2)ncc1N1CCNCC1,17669039,CHEMBL3638874,2015,15000,nM,>,public_measurement_reformatted,0
ACT-0244,context_only,IC50,15000.0,>,4.823908741,<,CHEM-ca668e036c1d921e,CHEMBL3705366|IC50,"distinct assay context; no pooling with declared historical modeling endpoint; censored concentration; log threshold retained with reversed inequality, not exact training label",CHEMBL3658074,CN(C)C(=O)c1cc2cnc(Nc3ccc(N4CCN(C(=O)CC5CCCCC5)CC4)cn3)nc2n1C1CCCC1,O=C(CC1CCCCC1)N1CCN(c2ccc(Nc3ncc4ccn(C5CCCC5)c4n3)nc2)CC1,17669040,CHEMBL3638874,2015,15000,nM,>,public_measurement_reformatted,0
ACT-0245,context_only,IC50,15000.0,>,4.823908741,<,CHEM-14663c599b89e8f8,CHEMBL3705366|IC50,"distinct assay context; no pooling with declared historical modeling endpoint; censored concentration; log threshold retained with reversed inequality, not exact training label",CHEMBL3658054,CC(C)CCCN1CCN(c2ccc(Nc3ncc4cc(C(=O)N(C)C)n(C5CCCC5)c4n3)nc2)CC1,c1cc(Nc2ncc3ccn(C4CCCC4)c3n2)ncc1N1CCNCC1,17669041,CHEMBL3638874,2015,15,uM,>,public_measurement_reformatted,0
ACT-0246,context_only,IC50,15000.0,>,4.823908741,<,CHEM-bb42ad126d11acb0,CHEMBL3705366|IC50,"distinct assay context; no pooling with declared historical modeling endpoint; censored concentration; log threshold retained with reversed inequality, not exact training label",CHEMBL3654257,CN(C)C(=O)c1cc2cnc(Nc3ccc(N4CCN(CC(F)(F)F)CC4)cn3)nc2n1C1CCCC1,c1cc(Nc2ncc3ccn(C4CCCC4)c3n2)ncc1N1CCNCC1,17669042,CHEMBL3638874,2015,15000,nM,>,public_measurement_reformatted,0
ACT-0247,context_only,IC50,15000.0,>,4.823908741,<,CHEM-199710b14ca3e2d4,CHEMBL3705366|IC50,"distinct assay context; no pooling with declared historical modeling endpoint; censored concentration; log threshold retained with reversed inequality, not exact training label",CHEMBL3654241,CN(C)C(=O)c1cc2cnc(Nc3ccc(N4CCN(CC(N)=O)CC4)cn3)nc2n1C1CCCC1,c1cc(Nc2ncc3ccn(C4CCCC4)c3n2)ncc1N1CCNCC1,17669043,CHEMBL3638874,2015,1.5e-05,M,>,public_measurement_reformatted,0
ACT-0248,context_only,IC50,15000.0,>,4.823908741,<,CHEM-8298608ac720d22a,CHEMBL3705366|IC50,"distinct assay context; no pooling with declared historical modeling endpoint; censored concentration; log threshold retained with reversed inequality, not exact training label",CHEMBL3658069,CN(C)C(=O)c1cc2cnc(Nc3ccc(N4CCN(CC#N)CC4)cn3)nc2n1C1CCCC1,c1cc(Nc2ncc3ccn(C4CCCC4)c3n2)ncc1N1CCNCC1,17669044,CHEMBL3638874,2015,15000,nM,>,public_measurement_reformatted,0
ACT-0249,context_only,IC50,15000.0,>,4.823908741,<,CHEM-edfe906b84d9a9d8,CHEMBL3705366|IC50,"distinct assay context; no pooling with declared historical modeling endpoint; censored concentration; log threshold retained with reversed inequality, not exact training label",CHEMBL3654240,CN(C)C(=O)c1cc2cnc(Nc3ccc(N4CCN(CCC#N)CC4)cn3)nc2n1C1CCCC1,c1cc(Nc2ncc3ccn(C4CCCC4)c3n2)ncc1N1CCNCC1,17669045,CHEMBL3638874,2015,15000,nM,>,public_measurement_reformatted,0
ACT-0250,context_only,IC50,15000.0,>,4.823908741,<,CHEM-ad5121bb8550057f,CHEMBL3705366|IC50,"distinct assay context; no pooling with declared historical modeling endpoint; censored concentration; log threshold retained with reversed inequality, not exact training label",CHEMBL3654238,CC(=O)N1CCN(c2ccc(Nc3ncc4cc(C(=O)N(C)C)n(C5CCCC5)c4n3)nc2)CC1,c1cc(Nc2ncc3ccn(C4CCCC4)c3n2)ncc1N1CCNCC1,17669046,CHEMBL3638874,2015,15000,nM,>,public_measurement_reformatted,0
ACT-0251,context_only,IC50,15000.0,>,4.823908741,<,CHEM-d262f7e0fc94b134,CHEMBL3705366|IC50,"distinct assay context; no pooling with declared historical modeling endpoint; censored concentration; log threshold retained with reversed inequality, not exact training label",CHEMBL3654259,CN(C)C(=O)c1cc2cnc(Nc3ccc(N4CCN(C(=O)C5CC5)CC4)cn3)nc2n1C1CCCC1,O=C(C1CC1)N1CCN(c2ccc(Nc3ncc4ccn(C5CCCC5)c4n3)nc2)CC1,17669047,CHEMBL3638874,2015,15000,nM,>,public_measurement_reformatted,0
ACT-0252,context_only,IC50,15000.0,>,4.823908741,<,CHEM-cc640bac75e24baf,CHEMBL3705366|IC50,"distinct assay context; no pooling with declared historical modeling endpoint; censored concentration; log threshold retained with reversed inequality, not exact training label",CHEMBL3654255,CN(C)C(=O)c1cc2cnc(Nc3ccc(N4CCN(C(=O)C5CCCCC5)CC4)cn3)nc2n1C1CCCC1,O=C(C1CCCCC1)N1CCN(c2ccc(Nc3ncc4ccn(C5CCCC5)c4n3)nc2)CC1,17669048,CHEMBL3638874,2015,15,uM,>,public_measurement_reformatted,0
ACT-0253,context_only,IC50,15000.0,>,4.823908741,<,CHEM-ca668e036c1d921e,CHEMBL3705366|IC50,"distinct assay context; no pooling with declared historical modeling endpoint; censored concentration; log threshold retained with reversed inequality, not exact training label",CHEMBL3658074,CN(C)C(=O)c1cc2cnc(Nc3ccc(N4CCN(C(=O)CC5CCCCC5)CC4)cn3)nc2n1C1CCCC1,O=C(CC1CCCCC1)N1CCN(c2ccc(Nc3ncc4ccn(C5CCCC5)c4n3)nc2)CC1,17669049,CHEMBL3638874,2015,15000,nM,>,public_measurement_reformatted,0
ACT-0254,context_only,IC50,15000.0,>,4.823908741,<,CHEM-e25dd0aea883d1c0,CHEMBL3705366|IC50,"distinct assay context; no pooling with declared historical modeling endpoint; censored concentration; log threshold retained with reversed inequality, not exact training label",CHEMBL3658075,CN(C)C(=O)c1cc2cnc(Nc3ccc(N4CCN(C(=O)CCC5CCCC5)CC4)cn3)nc2n1C1CCCC1,O=C(CCC1CCCC1)N1CCN(c2ccc(Nc3ncc4ccn(C5CCCC5)c4n3)nc2)CC1,17669050,CHEMBL3638874,2015,15000,nM,>,public_measurement_reformatted,0
ACT-0255,context_only,IC50,15000.0,>,4.823908741,<,CHEM-a6bc90e20bf9bffc,CHEMBL3705366|IC50,"distinct assay context; no pooling with declared historical modeling endpoint; censored concentration; log threshold retained with reversed inequality, not exact training label",CHEMBL3654244,CN(C)C(=O)c1cc2cnc(Nc3ccc(N4CCN(C(=O)CN)CC4)cn3)nc2n1C1CCCC1,c1cc(Nc2ncc3ccn(C4CCCC4)c3n2)ncc1N1CCNCC1,17669051,CHEMBL3638874,2015,15000,nM,>,public_measurement_reformatted,0
ACT-0256,context_only,IC50,15000.0,>,4.823908741,<,CHEM-d94790f4f138767e,CHEMBL3705366|IC50,"distinct assay context; no pooling with declared historical modeling endpoint; censored concentration; log threshold retained with reversed inequality, not exact training label",CHEMBL3658073,CN(C)CC(=O)N1CCN(c2ccc(Nc3ncc4cc(C(=O)N(C)C)n(C5CCCC5)c4n3)nc2)CC1,c1cc(Nc2ncc3ccn(C4CCCC4)c3n2)ncc1N1CCNCC1,17669052,CHEMBL3638874,2015,15000,nM,>,public_measurement_reformatted,0
ACT-9001,duplicate,IC50,52.2,=,7.282329497,=,CHEM-e31f067ccb4627d8,CHEMBL5736732|IC50,same source_activity_id as ACT-0001; source potential_duplicate flag retained; does not itself establish ingestion duplication or independence,CHEMBL3301610,CCN1CCN(Cc2ccc(Nc3ncc(F)c(-c4cc(F)c5nc(C)n(C(C)C)c5c4)n3)nc2)CC1,c1cc(-c2ccc3nc[nH]c3c2)nc(Nc2ccc(CN3CCNCC3)cn2)n1,28327037,CHEMBL5728430,2021,52.2,nM,=,simulated_reingestion,1
ACT-9002,duplicate,IC50,35.0,=,7.455931956,=,CHEM-d6424bbb4fdfd4fc,CHEMBL5736732|IC50,same source_activity_id as ACT-0002; source potential_duplicate flag retained; does not itself establish ingestion duplication or independence,CHEMBL5905735,Cc1nc2c(F)cc(-c3nc(Nc4ccc5c(n4)CCN(C(C)C)C5)ncc3F)cc2n1C(C)C,c1cc(-c2ccc3nc[nH]c3c2)nc(Nc2ccc3c(n2)CCNC3)n1,28327046,CHEMBL5728430,2021,35,nM,=,simulated_reexport,1
ACT-9003,context_only,IC50,10000.0,>,5.000000000,<,CHEM-b0fba725182ebc2a,SIM-QC-CHECK|IC50,"simulated export example; no qualified biological assay; not training evidence; censored concentration; log threshold retained with reversed inequality, not exact training label; source potential_duplicate flag retained; does not itself establish ingestion duplication or independence",CHEMBL5814867,CNCC(=O)N1CCc2nc(Nc3ncc(F)c(-c4cc(F)c5nc(C)n(C(C)C)c5c4)n3)ccc2C1,c1cc(-c2ccc3nc[nH]c3c2)nc(Nc2ccc3c(n2)CCNC3)n1,,SIM-CRO-APPENDIX,2026,10000,nM,>,simulated_export_record,1
ACT-9004,context_only,IC50,10.0,<=,8.000000000,>=,CHEM-c92710e3d6eeb360,SIM-QC-CHECK|IC50,"simulated export example; no qualified biological assay; not training evidence; censored concentration; log threshold retained with reversed inequality, not exact training label; source potential_duplicate flag retained; does not itself establish ingestion duplication or independence",CHEMBL4212532,Cc1nc2c(F)cc(-c3nc(Nc4ccc5c(n4)CCN(C(=O)CN(C)C)C5)ncc3F)cc2n1C(C)C,c1cc(-c2ccc3nc[nH]c3c2)nc(Nc2ccc3c(n2)CCNC3)n1,,SIM-CRO-APPENDIX,2026,0.01,µM,<=,simulated_export_record,1
ACT-9005,quarantined,IC50,,,,,CHEM-47d89c52ed10945d,SIM-QC-CHECK|IC50,concentration must be positive and finite,CHEMBL6060984,COCC(=O)N1CCc2nc(Nc3ncc(F)c(-c4cc(F)c5nc(C)n(C(C)C)c5c4)n3)ccc2C1,c1cc(-c2ccc3nc[nH]c3c2)nc(Nc2ccc3c(n2)CCNC3)n1,,SIM-CRO-APPENDIX,2026,0,nM,=,simulated_export_record,0
ACT-9006,quarantined,IC50,,,,,CHEM-17548d87f54e504b,SIM-QC-CHECK|IC50,concentration must be positive and finite; source potential_duplicate flag retained; does not itself establish ingestion duplication or independence,CHEMBL5813772,Cc1nc2c(F)cc(-c3nc(Nc4ccc5c(n4)CCN(C)C5)ncc3F)cc2n1C(C)C,c1cc(-c2ccc3nc[nH]c3c2)nc(Nc2ccc3c(n2)CCNC3)n1,,SIM-CRO-APPENDIX,2026,-3,nM,=,simulated_export_record,1
ACT-9007,quarantined,IC50,,,,,CHEM-59d9ae3e54c4f6a7,SIM-QC-CHECK|IC50,unsupported concentration unit; source potential_duplicate flag retained; does not itself establish ingestion duplication or independence,CHEMBL5844694,Cc1nc2c(F)cc(-c3nc(Nc4ccc5c(n4)CCN(C(=O)CCO)C5)ncc3F)cc2n1C(C)C,c1cc(-c2ccc3nc[nH]c3c2)nc(Nc2ccc3c(n2)CCNC3)n1,,SIM-CRO-APPENDIX,2026,20,ng/mL,=,simulated_export_record,1
ACT-9008,context_only,Ki,300.0,>=,6.522878745,<=,CHEM-760d5694ed64ea1a,SIM-QC-CHECK|Ki,"simulated export example; no qualified biological assay; not training evidence; censored concentration; log threshold retained with reversed inequality, not exact training label; distinct Ki endpoint; source potential_duplicate flag retained; does not itself establish ingestion duplication or independence",CHEMBL6017199,COC(=O)C(=O)N1CCc2nc(Nc3ncc(F)c(-c4cc(F)c5nc(C)n(C(C)C)c5c4)n3)ccc2C1,c1cc(-c2ccc3nc[nH]c3c2)nc(Nc2ccc3c(n2)CCNC3)n1,,SIM-CRO-APPENDIX,2026,0.3,uM,>=,simulated_export_record,1
ACT-9009,context_only,IC50,100.0,=,7.000000000,=,CHEM-dce53658f66755b7,SIM-QC-CHECK|IC50,simulated export example; no qualified biological assay; not training evidence; source potential_duplicate flag retained; does not itself establish ingestion duplication or independence,CHEMBL5805137,Cc1nc2c(F)cc(-c3nc(Nc4ccc5c(n4)CCN(CC(F)(F)F)C5)ncc3F)cc2n1C(C)C,c1cc(-c2ccc3nc[nH]c3c2)nc(Nc2ccc3c(n2)CCNC3)n1,,SIM-CRO-APPENDIX,2026,1e-7,M,=,simulated_export_record,1
ACT-9010,quarantined,IC50,,,,,,SIM-QC-CHECK|IC50,invalid SMILES; no supported chemical entity,CED-BAD-CHEM,,,,SIM-CRO-APPENDIX,2026,100,nM,=,simulated_export_record,0
